item_id,group_id,title,description,url,brand,image_url,additional_image_urls,price,sale_price,availability,condition,product_type,google_product_category,color,size,gender,age_group,custom_label_0,custom_label_1,custom_label_2,custom_label_3,custom_label_4,seller_name,seller_url,return_policy,target_countries,store_country,is_eligible_search,is_eligible_checkout,is_ads_eligible
28715,,CALÇA COURO CEREJA,"A Calça Cereja se destaca pela cor intensa e pelo acabamento impecável. Confeccionada em couro legítimo, possui modelagem reta com leve amplitude que garante um caimento elegante e alonga a silhueta, enquanto a cintura média com passantes oferece ajuste confortável e versátil. Os recortes estruturados valorizam o design moderno da peça, perfeita para composições poderosas do dia à noite. ## Detalhes: – Confeccionada em couro legítimo; – Modelagem reta e levemente ampla; – Cintura média com passantes; – Acabamento estruturado; – Visual moderno e sofisticado. ## Coleção: Ateen Verão 2027",https://www.ateen.com.br/calca-couro-cereja-06-01-0160/p?idsku=70220,ATEEN,https://ateen.vteximg.com.br/arquivos/ids/313393_2,,5999.00 BRL,,in_stock,new,NEW IN,Ropa y accesorios > Prendas de vestir,,,,,new_in,,,,,ATEEN,https://www.ateen.com.br,https://ateen.zendesk.com/hc/pt-br/sections/360003548834-Troca-e-Devolu%C3%A7%C3%A3o,BR,BR,true,false,true
28735,,CALÇA COURO BASIC,"A Calça Couro Basic é um clássico indispensável no guarda-roupa. Confeccionada em couro legítimo, modelagem reta e caimento impecável, valoriza a silhueta com sofisticação e conforto. O design clean conta com bolsos funcionais, cintura média com passantes e acabamento minimalista, tornandam a peça extremamente versátil para composições do casual ao sofisticado. ## Detalhes: – Confeccionada em couro legítimo; – Modelagem reta; – Cintura média com passantes; – Bolsos frontais e traseiros; – Fechamento por zíper e botão; – Design clean e atemporal. ## Coleção: Ateen Verão 2027",https://www.ateen.com.br/calca-couro-basic-06-04-0488/p?idsku=70242,ATEEN,https://ateen.vteximg.com.br/arquivos/ids/314077_2,,5899.00 BRL,,in_stock,new,NEW IN,Ropa y accesorios > Prendas de vestir,,,,,new_in,,,,,ATEEN,https://www.ateen.com.br,https://ateen.zendesk.com/hc/pt-br/sections/360003548834-Troca-e-Devolu%C3%A7%C3%A3o,BR,BR,true,false,true
28740,,REGATA BASIC SEDA,"A Regata Basic Seda é aquela peça curinga que traduz sofisticação com simplicidade. Confeccionada em seda de toque suave, possui caimento fluido que valoriza a silhueta com naturalidade. O modelo sem mangas traz linhas limpas e decote delicado, perfeito para compor produções versáteis, do casual elegante ao look mais refinado. Ideal para usar sozinha ou como base em sobreposições. Detalhes: – Confeccionada em seda pura; – Modelagem reta e fluida; – Sem mangas; – Decote delicado; – Caimento leve e confortável; – Peça básica e versátil para o dia a dia. Coleção: Ateen Verão 2027",https://www.ateen.com.br/regata-basic-seda-05-19-0327/p?idsku=70200,ATEEN,https://ateen.vteximg.com.br/arquivos/ids/313059_2,,799.00 BRL,,in_stock,new,NEW IN,Ropa y accesorios > Prendas de vestir,,,,,new_in,,,,,ATEEN,https://www.ateen.com.br,https://ateen.zendesk.com/hc/pt-br/sections/360003548834-Troca-e-Devolu%C3%A7%C3%A3o,BR,BR,true,false,true
28785,,CALÇA FLEECE,"Malha fleece encorpada em modelagem jogger com punho na barra e recortes. Confeccionada em algodão com toque macio e estrutura que mantém o caimento, a peça combina funcionalidade e estilo casual sem abrir mão da sofisticação. O cós limpo na frente com elástico posterior garante ajuste preciso ao corpo, enquanto os bolsos laterais e os recortes decorativos na perna agregam personalidade ao visual. Versátil o suficiente para compor looks do dia a dia ou integrar um conjunto com a Blusa Fleece. Detalhes: Modelagem jogger Malha fleece com toque macio e estrutura encorpada Cós limpo na frente com elástico posterior Bolsos laterais funcionais Recortes decorativos na perna Punho na barra 70% algodão + 30% poliéster Coleção: ATEEN Inverno 2026",https://www.ateen.com.br/calca-fleece-06-06-0095/p?idsku=71745,ATEEN,https://ateen.vteximg.com.br/arquivos/ids/313441_2,,579.00 BRL,,in_stock,new,NEW IN,Ropa y accesorios > Prendas de vestir,,,,,new_in,,,,,ATEEN,https://www.ateen.com.br,https://ateen.zendesk.com/hc/pt-br/sections/360003548834-Troca-e-Devolu%C3%A7%C3%A3o,BR,BR,true,false,true
28954,,BLUSA LIA,"A Blusa Lia é versátil e minimalista em design sofisticado. Confeccionada em malha com textura delicada , a peça oferece toque macio e caimento ajustado que valoriza a silhueta com naturalidade. A gola redonda e mangas longas com fendas laterais criam um visual clean e elegante, perfeito para transitar entre composições casuais e sofisticadas. Uma blusa atemporal que se adapta facilmente a diferentes estilos e ocasiões, consolidando-se como peça essencial do guarda-roupa. Detalhes: Malha com textura delicada Toque macio e confortável Gola redonda Mangas longas com fendas laterais Modelagem ajustada ao corpo Caimento elegante e versátil Coleção: Ateen Inverno 2026",https://www.ateen.com.br/blusa-lia-05-18-1904/p?idsku=71100,ATEEN,https://ateen.vteximg.com.br/arquivos/ids/312366_2,,329.40 BRL,,in_stock,new,ATEEN OFF - ROUPAS,Ropa y accesorios > Prendas de vestir,,,,,new_in,,,,,ATEEN,https://www.ateen.com.br,https://ateen.zendesk.com/hc/pt-br/sections/360003548834-Troca-e-Devolu%C3%A7%C3%A3o,BR,BR,true,false,true
28957,,CALÇA FRAN,"A Calça Fran oferece elegância atemporal com modelagem de alfaiataria refinada. Confeccionada em tecido com textura sofisticada, a peça apresenta pregas frontais que garantem caimento impecável e confortável. A cintura estruturada com passantes para cinto, combinada com a perna reta, alonga a silhueta de forma moderna e sofisticada. Os bolsos posteriores trazem funcionalidade clássica, enquanto o design versátil transita com facilidade do ambiente corporativo para ocasiões mais elaboradas. Detalhes: Tecido em viscose com textura sofisticada Modelagem de alfaiataria Pregas frontais Cintura estruturada com passantes Perna reta Bolsos posteriores Caimento elegante e atemporal Coleção: Ateen Inverno 2026",https://www.ateen.com.br/calca-fran-06-01-0158/p?idsku=71162,ATEEN,https://ateen.vteximg.com.br/arquivos/ids/313087_2,,829.00 BRL,,in_stock,new,NEW IN,Ropa y accesorios > Prendas de vestir,,,,,new_in,,,,,ATEEN,https://www.ateen.com.br,https://ateen.zendesk.com/hc/pt-br/sections/360003548834-Troca-e-Devolu%C3%A7%C3%A3o,BR,BR,true,false,true
29001,,BATA BORDADO RICHELIEU,"A Bata Bordado Richelieu combina delicadeza com sofisticação atemporal. Confeccionada em tecido fluido e fresco, a peça apresenta bordados vazados em padrão Richelieu que criam um visual refinado e artesanal. Sua modelagem ampla proporciona conforto e movimento, enquanto os detalhes nos punhos e o abotoamento frontal acrescentam charme e versatilidade. Ideal para looks elegantes que transitam do dia para a noite com naturalidade. Detalhes: Tecido leve e fluido Bordado vazado estilo Richelieu Modelagem ampla com caimento solto Mangas longas com amarração nos punhos Abertura frontal com botões revestidos Peça versátil para composições sofisticadas Coleção: Ateen Inverno 2026",https://www.ateen.com.br/bata-bordado-richilieu-05-18-2056/p?idsku=71353,ATEEN,https://ateen.vteximg.com.br/arquivos/ids/315180_2,,1869.00 BRL,,in_stock,new,NEW IN,Ropa y accesorios > Prendas de vestir,,,,,new_in,,,,,ATEEN,https://www.ateen.com.br,https://ateen.zendesk.com/hc/pt-br/sections/360003548834-Troca-e-Devolu%C3%A7%C3%A3o,BR,BR,true,false,true
29025,,CALÇA SEDA FLUID,"A Calça Seda Fluid oferece elegância com praticidade no dia a dia. Confeccionada em seda 100%, apresenta toque extremamente macio e caimento fluido que proporciona movimento e sofisticação ao vestir. O cós e barra com elástico garantem ajuste confortável ao corpo, enquanto o efeito franzido traz um toque moderno ao design. O shortinho de forro interno oferece segurança e conforto adicional. Versátil e estilosa, a calça seda feminina é ideal para compor looks elegantes com blusas sofisticadas ou produções mais casuais com t-shirts. Sua modelagem confortável a torna perfeita para transitar entre o trabalho e o lazer sem abrir mão da sofisticação. Detalhes: Seda leve e fluida Cós e barra com elástico Shortinho de forro interno Barra com leve franzido Modelagem confortável e elegante Coleção: Ateen Inverno 2026",https://www.ateen.com.br/calca-seda-fluid-06-06-0134/p?idsku=71567,ATEEN,https://ateen.vteximg.com.br/arquivos/ids/313445_2,,1899.00 BRL,,in_stock,new,NEW IN,Ropa y accesorios > Prendas de vestir,,,,,new_in,,,,,ATEEN,https://www.ateen.com.br,https://ateen.zendesk.com/hc/pt-br/sections/360003548834-Troca-e-Devolu%C3%A7%C3%A3o,BR,BR,true,false,true
29034,,BATA ROMANTIC BELA,"A Bata Romantic Bela traz elegância delicada com detalhes artesanais em renda. Confeccionada em tecido leve com textura suave, a peça se destaca pelos entremeios trabalhados e aplicações rendadas nos ombros e parte frontal, que conferem um charme romântico ao visual. O decote em V e as mangas amplas com caimento fluido criam uma silhueta sofisticada e confortável, perfeita para looks que transitam entre o casual e o elegante. A modelagem soltinha garante liberdade de movimento sem abrir mão da feminilidade. Versátil o suficiente para compor produções delicadas com saias, jeans ou peças de alfaiataria, a bata feminina romântica se consolida como peça-chave do guarda-roupa inverno. Detalhes: Tecido leve com textura suave Detalhes em renda e entremeios trabalhados Decote em V Mangas amplas com caimento fluido Aplicações rendadas nos ombros e parte frontal Modelagem soltinha e confortável Coleção: Ateen Inverno 2026",https://www.ateen.com.br/bata-romantic-bela-05-18-1998/p?idsku=71525,ATEEN,https://ateen.vteximg.com.br/arquivos/ids/314444_2,,1029.00 BRL,,in_stock,new,NEW IN,Ropa y accesorios > Prendas de vestir,,,,,new_in,,,,,ATEEN,https://www.ateen.com.br,https://ateen.zendesk.com/hc/pt-br/sections/360003548834-Troca-e-Devolu%C3%A7%C3%A3o,BR,BR,true,false,true
29036,,VESTIDO SEDA LAÇO,"O Vestido Seda Laço combina elegância contemporânea com detalhes delicados. Confeccionado em seda pura, o modelo apresenta caimento fluido que valoriza a silhueta com naturalidade. Os laços aplicados nos ombros trazem charme e delicadeza ao design, enquanto a amarração na cintura permite ajuste personalizado e realça a modelagem. A saia com recorte e movimento, finalizada com barra de pontas assimétricas, adiciona sofisticação e dinamismo ao visual. Versátil e cheia de personalidade, esta peça transita entre ocasiões especiais e produções elegantes do dia a dia, consolidando-se como essencial no guarda-roupa de quem valoriza estilo atemporal e refinado. Detalhes: Seda leve e delicada Laços aplicados nos ombros Amarração ajustável na cintura Saia com recorte e movimento Barra com pontas assimétricas Caimento fluido e elegante Coleção: Ateen Inverno 2026",https://www.ateen.com.br/vestido-seda-laco-04-20-1740/p?idsku=71508,ATEEN,https://ateen.vteximg.com.br/arquivos/ids/313261_2,,2439.00 BRL,,in_stock,new,NEW IN,Ropa y accesorios > Prendas de vestir,,,,,new_in,,,,,ATEEN,https://www.ateen.com.br,https://ateen.zendesk.com/hc/pt-br/sections/360003548834-Troca-e-Devolu%C3%A7%C3%A3o,BR,BR,true,false,true
29071,,CAMISA LAYLA,"A Camisa Layla traz sofisticação casual com toque contemporâneo. Confeccionada em denim leve de caimento fluido, o modelo apresenta visual clean em tom azul profundo, ideal para composições versáteis e atemporais. A gola clássica e o fechamento frontal por botões reforçam a estética atemporal, enquanto os bolsos frontais utilitários adicionam um toque moderno e funcional. As mangas longas com possibilidade de dobra completam o design com leveza e praticidade. Detalhes: Confeccionada em tecido leve Gola Clássica Fechamento frontal por botões Mangas longas com dobra opcional Caimento leve e fluido Bolsos frontais utilitários Coleção: Ateen Inverno 2026",https://www.ateen.com.br/camisa-layla-11-04-0592/p?idsku=71726,ATEEN,https://ateen.vteximg.com.br/arquivos/ids/313468_2,,799.00 BRL,,in_stock,new,NEW IN,Ropa y accesorios > Prendas de vestir,,,,,new_in,,,,,ATEEN,https://www.ateen.com.br,https://ateen.zendesk.com/hc/pt-br/sections/360003548834-Troca-e-Devolu%C3%A7%C3%A3o,BR,BR,true,false,true
29100,,SANDÁLIA ANABELA VINTAGE,"A Sandália Anabela Vintage combina estilo atemporal com conforto premium em couro. O acabamento metalizado em tom dourado traz um visual marcante que valoriza qualquer produção, do casual ao sofisticado. O salto anabela proporciona estabilidade e bem-estar ao caminhar, enquanto as tiras delicadas com design entrelaçado garantem charme e segurança. O fechamento com fivela ajustável oferece melhor encaixe aos pés, unindo praticidade e elegância em um design versátil. Detalhes: Salto anabela confortável Tiras finas com design entrelaçado Acabamento metalizado dourado Fechamento com fivela ajustável Design elegante e atemporal Coleção: Ateen Inverno 2026",https://www.ateen.com.br/sandalia-anabela-vintage-30-02-0007/p?idsku=71936,ATEEN,https://ateen.vteximg.com.br/arquivos/ids/314343_2,,989.00 BRL,,in_stock,new,NEW IN,Ropa y accesorios > Prendas de vestir,,,,,new_in,,,,,ATEEN,https://www.ateen.com.br,https://ateen.zendesk.com/hc/pt-br/sections/360003548834-Troca-e-Devolu%C3%A7%C3%A3o,BR,BR,true,false,true
29145,,SAIA BORDADO RICHELIEU JADE,"Bordado richelieu vazado que transforma leveza em obra de arte. O trabalho artesanal dos recortes delicados e do barrado trabalhado confere refinamento autoral à peça, enquanto a modelagem fluida garante caimento impecável e movimento leve. Versátil o suficiente para transitar do dia à noite, esta saia boho chic compõe produções elegantes com naturalidade e personalidade. Detalhes: Bordado richelieu vazado delicado Barrado trabalhado com recortes sofisticados Modelagem fluida com caimento impecável Comprimento midi Visual feminino e atemporal Coleção: ATEEN Inverno 2026",https://www.ateen.com.br/saia-bordado-richelieu-jade-09-05-0506/p?idsku=72226,ATEEN,https://ateen.vteximg.com.br/arquivos/ids/313459_2,,2289.00 BRL,,in_stock,new,NEW IN,Ropa y accesorios > Prendas de vestir,,,,,new_in,,,,,ATEEN,https://www.ateen.com.br,https://ateen.zendesk.com/hc/pt-br/sections/360003548834-Troca-e-Devolu%C3%A7%C3%A3o,BR,BR,true,false,true
29148,,REGATA BASICA LIIVA,"Canelado macio que se adapta a qualquer estilo e ocasião. Design minimalista com decote arredondado e alças largas que facilita combinações do dia a dia. O tecido macio em blend de algodão e poliéster garante conforto prolongado, enquanto o caimento versátil permite transitar entre produções casuais e sobreposições mais elaboradas com naturalidade. Detalhes: Modelagem confortável Tecido canelado Decote arredondado Alças largas Caimento leve e versátil Toque macio Coleção: ATEEN Inverno 2026",https://www.ateen.com.br/regata-basica-liiva-05-14-1170/p?idsku=72170,ATEEN,https://ateen.vteximg.com.br/arquivos/ids/313298_2,,299.00 BRL,,in_stock,new,NEW IN,Ropa y accesorios > Prendas de vestir,,,,,new_in,,,,,ATEEN,https://www.ateen.com.br,https://ateen.zendesk.com/hc/pt-br/sections/360003548834-Troca-e-Devolu%C3%A7%C3%A3o,BR,BR,true,false,true
29170,,BLAZER BERLIN,"Risca de giz clássica em corte alongado e estruturado de alfaiataria. Confeccionado em tecido confortável, o corte estruturado garante caimento impecável sem abrir mão do conforto. A lapela tradicional, os bolsos frontais com aba e o acabamento refinado compõem um blazer de alfaiataria contemporânea — versátil o suficiente para transitar entre o office look e produções urbanas mais despojadas. Combina com a Calça Berlin coordenada ou com peças básicas para um visual chic e moderno. Detalhes: Modelagem alongada Padronagem risca de giz Lapela clássica Bolsos frontais com aba Manga longa Caimento estruturado Estilo alfaiataria contemporânea Coleção: ATEEN Inverno 2026",https://www.ateen.com.br/blazer-berlin-01-03-0122/p?idsku=72250,ATEEN,https://ateen.vteximg.com.br/arquivos/ids/315113_2,,1329.00 BRL,,in_stock,new,NEW IN,Ropa y accesorios > Prendas de vestir,,,,,new_in,,,,,ATEEN,https://www.ateen.com.br,https://ateen.zendesk.com/hc/pt-br/sections/360003548834-Troca-e-Devolu%C3%A7%C3%A3o,BR,BR,true,false,true
29171,,CALÇA BERLIN,"Risca de giz e cintura alta definem a elegância desta alfaiataria. Com modelagem reta e cós estruturado com elástico posterior, a peça une praticidade e refinamento sem abrir mão do conforto. O caimento impecável alonga a silhueta e transita com facilidade entre o office look e ocasiões mais elaboradas. Combine com o Blazer Berlin para um conjunto de alfaiataria completo e sofisticado. Detalhes: Modelagem reta Cintura alta Padronagem risca de giz Cós estruturado com elástico posterior Bolsos laterais funcionais Coleção: ATEEN Inverno 2026",https://www.ateen.com.br/calca-berlin-06-04-0514/p?idsku=72256,ATEEN,https://ateen.vteximg.com.br/arquivos/ids/313426_2,,859.00 BRL,,in_stock,new,NEW IN,Ropa y accesorios > Prendas de vestir,,,,,new_in,,,,,ATEEN,https://www.ateen.com.br,https://ateen.zendesk.com/hc/pt-br/sections/360003548834-Troca-e-Devolu%C3%A7%C3%A3o,BR,BR,true,false,true
29182,,BLUSA FLEECE,"Malha fleece de toque macio, gola ampla estilo polo e modelagem reta. Confeccionada em algodão, a peça une aconchego e praticidade sem abrir mão do estilo. O decote em V discreto moderniza a silhueta, enquanto os punhos estruturados garantem melhor ajuste nas mangas longas. Versátil o suficiente para compor looks casuais com jeans, calças amplas ou peças de alfaiataria leve, uma blusa de inverno feminina que transita entre o despojado e o sofisticado. Detalhes: Malha fleece com toque macio e aconchegante Gola ampla estilo polo com decote em V discreto Mangas longas com punhos estruturados Modelagem ampla e caimento reto 70% algodão + 30% poliéster Coleção: ATEEN Inverno 2026",https://www.ateen.com.br/blusa-fleece-05-18-2061/p?idsku=72363,ATEEN,https://ateen.vteximg.com.br/arquivos/ids/313325_2,,499.00 BRL,,in_stock,new,NEW IN,Ropa y accesorios > Prendas de vestir,,,,,new_in,,,,,ATEEN,https://www.ateen.com.br,https://ateen.zendesk.com/hc/pt-br/sections/360003548834-Troca-e-Devolu%C3%A7%C3%A3o,BR,BR,true,false,true
29184,,CALÇA VELUDO CANELADO MILENA,"Veludo canelado de toque macio, modelagem ampla e cintura alta elegante. Confeccionada em algodão com leve elastano, a peça combina conforto real com presença visual marcante. O caimento fluido e a estrutura reta alongada valorizam a silhueta sem abrir mão da praticidade, os bolsos frontais funcionais e os posteriores chapados adicionam um toque utilitário ao design. Versátil o suficiente para compor conjuntos coordenados ou produções elegantes com camisas, tricôs e blusas ajustadas. Detalhes: Confeccionada em veludo canelado Modelagem ampla e reta Cintura alta Bolsos frontais funcionais Bolsos posteriores chapados Caimento fluido e elegante Coleção: ATEEN Inverno 2026",https://www.ateen.com.br/calca-veludo-canelado-milena-06-03-0597/p?idsku=72385,ATEEN,https://ateen.vteximg.com.br/arquivos/ids/315260_2,,819.00 BRL,,in_stock,new,NEW IN,Ropa y accesorios > Prendas de vestir,,,,,new_in,,,,,ATEEN,https://www.ateen.com.br,https://ateen.zendesk.com/hc/pt-br/sections/360003548834-Troca-e-Devolu%C3%A7%C3%A3o,BR,BR,true,false,true
29187,,JAQUETA VELUDO CANELADO MILENA,"Veludo canelado de toque macio e modelagem levemente ajustada. Fechamento frontal por zíper e gola alta estruturada definem a estética utilitária desta jaqueta feminina. Os bolsos frontais com lapela reforçam o design contemporâneo, enquanto o cordão na barra permite ajustar o caimento para um efeito levemente blusado que valoriza a silhueta. A pala sobreposta nas costas adiciona exclusividade ao conjunto. Versátil o suficiente para compor looks com a Calça Veludo Canelado Milena, jeans ou alfaiataria, transitando com naturalidade entre o casual e o sofisticado. Detalhes: Confeccionada em veludo canelado Modelagem levemente ajustada Fechamento frontal por zíper Gola alta estruturada Bolsos frontais com lapela Barra com cordão para ajuste personalizado Pala sobreposta nas costas Toque macio e aconchegante Coleção: ATEEN Inverno 2026",https://www.ateen.com.br/jaqueta-veludo-canelado-milena-01-02-0247/p?idsku=72325,ATEEN,https://ateen.vteximg.com.br/arquivos/ids/313236_2,,1299.00 BRL,,in_stock,new,NEW IN,Ropa y accesorios > Prendas de vestir,,,,,new_in,,,,,ATEEN,https://www.ateen.com.br,https://ateen.zendesk.com/hc/pt-br/sections/360003548834-Troca-e-Devolu%C3%A7%C3%A3o,BR,BR,true,false,true
29188,,BLUSA ROCK,"Pedrarias em malha acetinada formam ROCK com brilho sutil. Modelagem reta com decote redondo e mangas longas estilo raglan garantem caimento despojado e versátil. A malha com acabamento levemente acetinado oferece conforto sem abrir mão do brilho discreto, tornando esta blusa uma escolha chic para composições com jeans, couro ou alfaiataria. Detalhes: Malha com acabamento levemente acetinado e brilho sutil Aplicação de pedrarias formando a palavra ""ROCK"" Modelagem reta com caimento confortável Decote redondo Mangas longas estilo raglan Ideal para composições casuais e fashion Coleção: ATEEN Verão 2027",https://www.ateen.com.br/blusa-rock-05-18-2057/p?idsku=72696,ATEEN,https://ateen.vteximg.com.br/arquivos/ids/313320_2,,789.00 BRL,,in_stock,new,NEW IN,Ropa y accesorios > Prendas de vestir,,,,,new_in,,,,,ATEEN,https://www.ateen.com.br,https://ateen.zendesk.com/hc/pt-br/sections/360003548834-Troca-e-Devolu%C3%A7%C3%A3o,BR,BR,true,false,true
29189,,CALÇA JEANS HERI,"Modelagem reta de cintura alta em jeans com lavagem clássica e atemporal. Confeccionada em jeans com 99% algodão e 1% elastano, a peça oferece caimento impecável e conforto ao longo do dia. Os bolsos funcionais, o fechamento por botão e zíper e os passantes para cinto reforçam o acabamento cuidadoso, tornando esta calça uma escolha chic e versátil que transita com facilidade entre produções casuais e mais sofisticadas , combinando com camisas, tricots, blusas de seda ou blazers. Detalhes: Modelagem reta Cintura alta Fechamento frontal por botão e zíper Passantes para cinto Bolsos frontais e traseiros funcionais Lavagem clássica e versátil Caimento confortável e atemporal Coleção: ATEEN Verão 2027",https://www.ateen.com.br/calca-jeans-heri-06-10-0160/p?idsku=72507,ATEEN,https://ateen.vteximg.com.br/arquivos/ids/313454_2,,779.00 BRL,,in_stock,new,NEW IN,Ropa y accesorios > Prendas de vestir,,,,,new_in,,,,,ATEEN,https://www.ateen.com.br,https://ateen.zendesk.com/hc/pt-br/sections/360003548834-Troca-e-Devolu%C3%A7%C3%A3o,BR,BR,true,false,true
29190,,SAIA SEDA ESTAMPA TALISE LUREX,"Seda fluida com estampa exclusiva e fios de lurex em modelagem longa. Recortes em camadas criam movimento e leveza a cada passo, enquanto o cós com elástico garante conforto e ajuste preciso. O mix de estampas nos recortes adiciona personalidade ao visual boho chic, tornando esta saia versátil para composições com batas, tricôs leves ou camisas, do casual ao sofisticado. Detalhes: Modelagem longa com recortes em camadas Exclusiva Estampa Talise com fios de lurex Brilho sutil e acabamento sofisticado Cós com elástico para maior conforto Mix de estampas nos recortes Visual boho chic contemporâneo Coleção: ATEEN Verão 2027",https://www.ateen.com.br/saia-seda-estampa-talise-lurex-09-05-0535/p?idsku=72517,ATEEN,https://ateen.vteximg.com.br/arquivos/ids/313146_2,,2079.00 BRL,,in_stock,new,NEW IN,Ropa y accesorios > Prendas de vestir,,,,,new_in,,,,,ATEEN,https://www.ateen.com.br,https://ateen.zendesk.com/hc/pt-br/sections/360003548834-Troca-e-Devolu%C3%A7%C3%A3o,BR,BR,true,false,true
29191,,VESTIDO BORDADO RICHELIEU COM FAIXA,"Design sofisticado e acabamento impecável. Confeccionado em tecido leve, o modelo ganha destaque pelo bordado Richelieu aplicado na parte frontal, que cria um efeito delicado e refinado, valorizando a peça com um toque artesanal. A faixa para amarração permite marcar a silhueta com elegância, enquanto a modelagem fluida garante conforto e excelente caimento ao longo do dia. Peça chic e atemporal, ideal para produções sofisticadas que transitam entre o refinado e o despojado , do almoço especial à noite. Detalhes: Bordado Richelieu frontal com acabamento refinado Faixa para amarração na cintura Modelagem fluida midi Mangas curtas Fechamento posterior com botão Tecido leve em viscose Coleção: ATEEN Verão 2027",https://www.ateen.com.br/vestido-bordado-richelieu-com-faixa-04-12-1298/p?idsku=72425,ATEEN,https://ateen.vteximg.com.br/arquivos/ids/313776_2,,1879.00 BRL,,in_stock,new,NEW IN,Ropa y accesorios > Prendas de vestir,,,,,new_in,,,,,ATEEN,https://www.ateen.com.br,https://ateen.zendesk.com/hc/pt-br/sections/360003548834-Troca-e-Devolu%C3%A7%C3%A3o,BR,BR,true,false,true
29192,,BATA SEDA ESTAMPA TALISE LUREX,"Seda fluida com estampa exclusiva e fios de lurex de brilho sutil. A Estampa Talise ganha profundidade com os delicados fios metalizados que percorrem o tecido, criando um efeito luminoso sem exageros. O decote em V e o fechamento frontal por botões conferem acabamento refinado, enquanto as mangas longas com punhos em elástico entregam um efeito levemente bufante, característico do estilo boho chic. O barrado com mix de estampas finaliza a peça com contraste elegante e personalidade. Versátil para compor com calças de alfaiataria, saias fluidas ou jeans, transitando entre o casual sofisticado e ocasiões especiais. Detalhes: Confeccionada em seda leve e fluida (97% seda, 3% poliéster) Exclusiva Estampa Talise com fios de lurex Decote em V com gola delicada Fechamento frontal por botões Modelagem solta e caimento impecável Mangas longas com punhos em elástico Barrado com mix de estampas Coleção: ATEEN Verão 2027",https://www.ateen.com.br/bata-seda-estampa-talise-lurex-05-18-2166/p?idsku=72471,ATEEN,https://ateen.vteximg.com.br/arquivos/ids/313049_2,,1769.00 BRL,,in_stock,new,NEW IN,Ropa y accesorios > Prendas de vestir,,,,,new_in,,,,,ATEEN,https://www.ateen.com.br,https://ateen.zendesk.com/hc/pt-br/sections/360003548834-Troca-e-Devolu%C3%A7%C3%A3o,BR,BR,true,false,true
29193,,CALÇA SEDA ESTAMPA RUBY,"Seda fluida com estampa exclusiva Ruby, modelagem reta e caimento leve. A exclusiva Estampa Ruby imprime delicadeza e personalidade a esta calça de seda feminina com visual atemporal. O cós com elástico e amarração ajustável garante conforto e encaixe preciso, enquanto a fluidez do tecido acompanha os movimentos com naturalidade. Versátil o suficiente para compor looks sofisticados com batas da mesma estampa ou blusas lisas — uma peça chic para diferentes ocasiões. Detalhes: Confeccionada em seda leve e fluida Exclusiva Estampa Ruby Modelagem reta com caimento elegante Cós com elástico para maior conforto Amarração ajustável na cintura Forro incluso Coleção: ATEEN Verão 2027",https://www.ateen.com.br/calca-seda-estampa-ruby-06-10-0164/p?idsku=72511,ATEEN,https://ateen.vteximg.com.br/arquivos/ids/313136_2,,1989.00 BRL,,in_stock,new,NEW IN,Ropa y accesorios > Prendas de vestir,,,,,new_in,,,,,ATEEN,https://www.ateen.com.br,https://ateen.zendesk.com/hc/pt-br/sections/360003548834-Troca-e-Devolu%C3%A7%C3%A3o,BR,BR,true,false,true
29194,,VESTIDO SEDA ESTAMPA DALIA LUREX,"Seda leve com estampa exclusiva Dalia e fios lurex de brilho sutil. A combinação de fios metalizados ao tecido fluido cria um efeito luminoso discreto, sofisticado e atemporal. O decote arredondado e as alças finas reguláveis garantem leveza, enquanto a cintura com elástico proporciona ajuste natural ao corpo. O recorte na saia amplifica o movimento, e a abertura lateral finalizada com botões revestidos entrega o detalhe construtivo que transforma esta peça em uma escolha certeira para ocasiões especiais, eventos ao ar livre e produções resort chic. Detalhes: Confeccionada em seda leve e fluida Exclusiva Estampa Dalia com fios de lurex Alças finas reguláveis Decote arredondado Cintura com elástico para melhor ajuste Modelagem longa com recorte na saia Abertura lateral com acabamento em botões revestidos Caimento elegante e movimento fluido Brilho sutil e sofisticado Coleção: ATEEN Verão 2027",https://www.ateen.com.br/vestido-seda-estampa-dalia-lurex-04-12-1310/p?idsku=72431,ATEEN,https://ateen.vteximg.com.br/arquivos/ids/314152_2,,2019.00 BRL,,in_stock,new,NEW IN,Ropa y accesorios > Prendas de vestir,,,,,new_in,,,,,ATEEN,https://www.ateen.com.br,https://ateen.zendesk.com/hc/pt-br/sections/360003548834-Troca-e-Devolu%C3%A7%C3%A3o,BR,BR,true,false,true
29195,,CINTO TRANÇADO COURO,"Acabamento trançado em couro com fivela meia-lua metálica. A fivela em formato meia-lua é o detalhe que eleva este cinto do funcional ao marcante. O acabamento trançado confere textura e autenticidade, tornando-o versátil para compor desde looks com vestidos e batas até produções com jeans e alfaiataria. Um acessório boho chic que valoriza a silhueta sem esforço. Detalhes: Confeccionado em couro Acabamento trançado artesanal Fivela metálica em formato meia-lua Fechamento com encaixe ajustável Design sofisticado e atemporal Coleção: ATEEN Verão 2027",https://www.ateen.com.br/cinto-trancado-couro-21-03-0043/p?idsku=72527,ATEEN,https://ateen.vteximg.com.br/arquivos/ids/313505_2,,879.00 BRL,,in_stock,new,NEW IN,Ropa y accesorios > Prendas de vestir,,,,,new_in,,,,,ATEEN,https://www.ateen.com.br,https://ateen.zendesk.com/hc/pt-br/sections/360003548834-Troca-e-Devolu%C3%A7%C3%A3o,BR,BR,true,false,true
29196,,BLUSA SEDA ESTAMPA RUBY,"Seda fluida com estampa exclusiva, babados e decote redondo. Modelagem solta que garante leveza e conforto ao longo do dia, com mangas longas finalizadas em babado para um toque romântico e delicado. A exclusiva Estampa Ruby imprime feminilidade contemporânea à peça, tornando-a versátil o suficiente para compor looks com alfaiataria, jeans ou saias ,do casual chic a ocasiões mais especiais. Detalhes: Confeccionada em seda fluida Exclusiva Estampa Ruby Decote redondo Modelagem solta com caimento elegante Mangas longas com punhos em babado Forro incluso Coleção: ATEEN Verão 2027",https://www.ateen.com.br/blusa-seda-estampa-ruby-05-18-2129/p?idsku=72465,ATEEN,https://ateen.vteximg.com.br/arquivos/ids/313844_2,,1789.00 BRL,,in_stock,new,NEW IN,Ropa y accesorios > Prendas de vestir,,,,,new_in,,,,,ATEEN,https://www.ateen.com.br,https://ateen.zendesk.com/hc/pt-br/sections/360003548834-Troca-e-Devolu%C3%A7%C3%A3o,BR,BR,true,false,true
29197,,CAMISA LISTRAS,"Padronagem de listras em modelagem fluida com mix de direções nas mangas. Confeccionada em tecido leve de excelente caimento, esta camisa combina gola clássica, fechamento frontal por botões e mangas longas com punhos abotoados. O detalhe das listras em diferentes direções nas mangas adiciona um toque contemporâneo que eleva produções com alfaiataria, jeans ou linho — transitando com naturalidade entre o dia e a noite. Detalhes: Tecido leve com caimento fluido Padronagem de listras verticais Mix de listras nas mangas para visual moderno Gola clássica Fechamento frontal por botões Bolsos frontais com lapela Mangas longas com punhos abotoados Coleção: ATEEN Verão 2027",https://www.ateen.com.br/camisa-listras-11-04-0641/p?idsku=72523,ATEEN,https://ateen.vteximg.com.br/arquivos/ids/313168_2,,589.00 BRL,,in_stock,new,NEW IN,Ropa y accesorios > Prendas de vestir,,,,,new_in,,,,,ATEEN,https://www.ateen.com.br,https://ateen.zendesk.com/hc/pt-br/sections/360003548834-Troca-e-Devolu%C3%A7%C3%A3o,BR,BR,true,false,true
29198,,VESTIDO SEDA ESTAMPA TALISE LUREX,"Seda fluida com estampa exclusiva e fios de lurex de brilho sutil. A Estampa Talise ganha profundidade com os delicados fios metalizados que percorrem o tecido, criando um efeito luminoso sem exageros. O decote reto com babado sobreposto adiciona movimento e feminilidade, enquanto as alças finas e o barrado com mix de estampas conferem personalidade ao design. Modelagem longa com caimento impecável, ideal para produções resort chic, eventos ao ar livre e ocasiões especiais. Detalhes: Confeccionada em seda leve e fluida Exclusiva Estampa Talise com fios de lurex Decote reto com babado sobreposto Alças finas Modelagem longa com caimento fluido Barrado com mix de estampas Brilho sutil e acabamento sofisticado Coleção: ATEEN Verão 2027",https://www.ateen.com.br/vestido-seda-estampa-talise-lurex-04-12-1319/p?idsku=72436,ATEEN,https://ateen.vteximg.com.br/arquivos/ids/312935_2,,3139.00 BRL,,in_stock,new,NEW IN,Ropa y accesorios > Prendas de vestir,,,,,new_in,,,,,ATEEN,https://www.ateen.com.br,https://ateen.zendesk.com/hc/pt-br/sections/360003548834-Troca-e-Devolu%C3%A7%C3%A3o,BR,BR,true,false,true
29199,,CAMISA DOBBY,"Textura dobby em listras verticais com caimento fluido. Confeccionada em tecido com textura delicada, a camisa une sofisticação e praticidade em um design atemporal. A padronagem de listras verticais confere modernidade à peça, enquanto a gola clássica e o fechamento frontal por botões reforçam o estilo casual chic. Os bolsos aplicados no busto com lapela adicionam um toque utilitário contemporâneo, e as mangas longas com punhos abotoados completam o visual. Versátil para combinar com jeans, alfaiataria ou peças em linho. Detalhes: Tecido dobby com textura delicada Padronagem de listras verticais Modelagem confortável com caimento fluido Gola clássica Fechamento frontal por botões Bolsos frontais com lapela Mangas longas com punhos abotoados Coleção: ATEEN Verão 2027",https://www.ateen.com.br/camisa-dobby-05-24-0044/p?idsku=72480,ATEEN,https://ateen.vteximg.com.br/arquivos/ids/313083_2,,589.00 BRL,,in_stock,new,NEW IN,Ropa y accesorios > Prendas de vestir,,,,,new_in,,,,,ATEEN,https://www.ateen.com.br,https://ateen.zendesk.com/hc/pt-br/sections/360003548834-Troca-e-Devolu%C3%A7%C3%A3o,BR,BR,true,false,true
29200,,CINTO COURO METAIS,"Aplicações metálicas em couro com design western contemporâneo. Versátil e marcante, este cinto transita com naturalidade entre produções casuais e elegantes. As aplicações metálicas ao longo da peça criam um efeito visual sofisticado, enquanto a fivela com regulagem garante ajuste preciso. Ideal para marcar a cintura em vestidos e camisas ou complementar looks com jeans e alfaiataria com um toque fashion e atemporal. Detalhes: Confeccionado em couro Aplicações metálicas decorativas Passador em metal trabalhado Fechamento por fivela com regulagem Design inspirado no western contemporâneo Acabamento sofisticado e resistente Coleção: ATEEN Verão 2027",https://www.ateen.com.br/cinto-couro-metais-21-03-0044/p?idsku=72531,ATEEN,https://ateen.vteximg.com.br/arquivos/ids/313507_2,,729.00 BRL,,in_stock,new,NEW IN,Ropa y accesorios > Prendas de vestir,,,,,new_in,,,,,ATEEN,https://www.ateen.com.br,https://ateen.zendesk.com/hc/pt-br/sections/360003548834-Troca-e-Devolu%C3%A7%C3%A3o,BR,BR,true,false,true
29201,,CALÇA SEDA ESTAMPA DALIA LUREX,"Seda fluida com estampa Dalia e fios de lurex discretos. O cós largo drapeado com elástico valoriza a cintura e garante ajuste confortável, enquanto a modelagem ampla alonga a silhueta com caimento impecável. Peça versátil para composições resort chic, ocasiões especiais ou produções elegantes do dia à noite, combina com blusas da mesma estampa ou peças lisas em tons neutros. Detalhes: Confeccionada em seda leve e fluida Exclusiva estampa Dalia com fios de lurex Modelagem ampla com caimento elegante Cós largo drapeado com elástico Brilho sutil e sofisticado Visual moderno e versátil Coleção: ATEEN Verão 2027",https://www.ateen.com.br/calca-seda-estampa-dalia-lurex-06-04-0519/p?idsku=72491,ATEEN,https://ateen.vteximg.com.br/arquivos/ids/313117_2,,1999.00 BRL,,in_stock,new,NEW IN,Ropa y accesorios > Prendas de vestir,,,,,new_in,,,,,ATEEN,https://www.ateen.com.br,https://ateen.zendesk.com/hc/pt-br/sections/360003548834-Troca-e-Devolu%C3%A7%C3%A3o,BR,BR,true,false,true
29202,,BLUSA BABADOS SEDA ESTAMPA DALIA LUREX,"Seda leve com estampa Dalia, fios de lurex e babados delicados. O brilho sutil dos fios de lurex ilumina a exclusiva Estampa Dalia sem perder a leveza da seda. O decote em V emoldurado por babados valoriza o colo, enquanto a amarração frontal permite ajustar a cintura com elegância. As mangas longas com punhos em lastex e babados completam a proposta romântica, garantindo movimento e caimento fluido para produções que transitam entre ocasiões especiais e looks fashion com toque de glamour. Detalhes: Confeccionada em seda leve e fluida Exclusiva Estampa Dalia com fios de lurex Decote em V com babados Fechamento frontal com botões revestidos Ajuste na cintura por amarração frontal Mangas longas com punhos em lastex e babados Modelagem fluida com caimento elegante Brilho sutil e acabamento sofisticado Coleção: ATEEN Verão 2027",https://www.ateen.com.br/blusa-babados-seda-estampa-dalia-lurex-05-00-0397/p?idsku=72452,ATEEN,https://ateen.vteximg.com.br/arquivos/ids/312993_2,,1399.00 BRL,,in_stock,new,NEW IN,Ropa y accesorios > Prendas de vestir,,,,,new_in,,,,,ATEEN,https://www.ateen.com.br,https://ateen.zendesk.com/hc/pt-br/sections/360003548834-Troca-e-Devolu%C3%A7%C3%A3o,BR,BR,true,false,true
29203,,VESTIDO MANGA LONGA LAISE DIANA,"Bordado em laise vazada com mangas longas e saia fluida em camadas. Confeccionado em tecido leve com toque macio, o modelo une feminilidade e atemporalidade em uma proposta sofisticada. As mangas longas com leve volume e os punhos delicados equilibram romantismo e elegância, enquanto a modelagem midi com saia em camadas garante movimento e fluidez ao caminhar. Versátil para eventos diurnos, ocasiões especiais ou produções elegantes que pedem uma peça de presença. Detalhes: Bordado em laise vazada com acabamento refinado Mangas longas com leve volume e punhos delicados Modelagem midi com saia em camadas Caimento leve e fluido Tecido de toque macio Coleção: ATEEN Verão 2027",https://www.ateen.com.br/vestido-manga-longa-laise-diana-04-18-0390/p?idsku=72441,ATEEN,https://ateen.vteximg.com.br/arquivos/ids/312940_2,,2139.00 BRL,,in_stock,new,NEW IN,Ropa y accesorios > Prendas de vestir,,,,,new_in,,,,,ATEEN,https://www.ateen.com.br,https://ateen.zendesk.com/hc/pt-br/sections/360003548834-Troca-e-Devolu%C3%A7%C3%A3o,BR,BR,true,false,true
29204,,CALÇA CREPE NEO,"Modelagem reta com caimento fluido e cintura estruturada. O corte de alfaiataria contemporânea alonga a silhueta e confere refinamento sem abrir mão da praticidade. Versátil o suficiente para transitar entre produções de trabalho e ocasiões mais elaboradas, esta calça chic combina com blusas estruturadas, blazers e peças mais despojadas com igual naturalidade. Detalhes: Modelagem reta de alfaiataria Cintura estruturada Fechamento frontal discreto Acabamento refinado Visual minimalista e sofisticado Coleção: ATEEN Verão 2027",https://www.ateen.com.br/calca-crepe-neo-06-01-0162/p?idsku=72485,ATEEN,https://ateen.vteximg.com.br/arquivos/ids/313092_2,,1599.00 BRL,,in_stock,new,NEW IN,Ropa y accesorios > Prendas de vestir,,,,,new_in,,,,,ATEEN,https://www.ateen.com.br,https://ateen.zendesk.com/hc/pt-br/sections/360003548834-Troca-e-Devolu%C3%A7%C3%A3o,BR,BR,true,false,true
29205,,CALÇA TRICOT COLORS LUREX,"Tricot com fios de lurex, listras multicoloridas e cós alto drapeado. A modelagem ampla proporciona movimento e alonga a silhueta com caimento fluido, enquanto a faixa sobreposta drapeada valoriza a cintura com toque contemporâneo. O toque macio do tecido garante conforto durante todo o dia, tornando esta calça ideal para composições coordenadas com o Kimono Tricot Lurex Color ou para produções com peças lisas em estilo casual chic. Detalhes: Confeccionado em tricot com fios de lurex Padronagem de listras multicoloridas Modelagem ampla com caimento fluido Cós alto com faixa sobreposta drapeada Toque macio e confortável Brilho sutil e sofisticado Coleção: ATEEN Verão 2027",https://www.ateen.com.br/calca-tricot-colors-lurex-06-04-0521/p?idsku=72497,ATEEN,https://ateen.vteximg.com.br/arquivos/ids/313121_2,,839.00 BRL,,in_stock,new,NEW IN,Ropa y accesorios > Prendas de vestir,,,,,new_in,,,,,ATEEN,https://www.ateen.com.br,https://ateen.zendesk.com/hc/pt-br/sections/360003548834-Troca-e-Devolu%C3%A7%C3%A3o,BR,BR,true,false,true
29206,,BATA MIX LAISES,"Algodão leve com mix de laises em composição rica em detalhes e charme. Diferentes desenhos de laise se combinam em uma modelagem levemente solta, criando um visual elegante e atemporal. O fechamento frontal por botões revestidos e a pala com acabamento diferenciado elevam o design, enquanto as mangas longas com punhos em elástico adicionam volume delicado e feminilidade. Versátil para compor looks com jeans, alfaiataria ou saias, transita com naturalidade entre o casual chic e o sofisticado. Detalhes: Algodão leve com textura delicada Mix de aplicações em laise Pala com acabamento diferenciado Fechamento frontal por botões revestidos Modelagem levemente solta com caimento fluido Mangas longas com punhos em elástico Coleção: ATEEN Verão 2027",https://www.ateen.com.br/bata-mix-laises-05-12-0968/p?idsku=72457,ATEEN,https://ateen.vteximg.com.br/arquivos/ids/313271_2,,619.00 BRL,,in_stock,new,NEW IN,Ropa y accesorios > Prendas de vestir,,,,,new_in,,,,,ATEEN,https://www.ateen.com.br,https://ateen.zendesk.com/hc/pt-br/sections/360003548834-Troca-e-Devolu%C3%A7%C3%A3o,BR,BR,true,false,true
29207,,KIMONO TRICOT LUREX COLORS,"Listras multicoloridas em tricot lurex de brilho sutil. Modelagem aberta com caimento fluido e mangas longas com punhos em elástico que adicionam volume delicado ao visual. Versátil como terceira peça boho chic, combina com vestidos, conjuntos e produções casuais para diferentes ocasiões. Ideal para compor com a Calça Tricot Lurex Color, criando um look harmonioso e contemporâneo. Detalhes: Confeccionado em tricot com fios de lurex Padronagem de listras multicoloridas Modelagem aberta com caimento fluido Mangas longas com punhos em elástico Acabamento em barra canelada Toque macio e confortável Brilho sutil e sofisticado Ideal como terceira peça ou em conjunto Coleção: ATEEN Verão 2027",https://www.ateen.com.br/kimono-tricot-lurex-colors-01-05-0480/p?idsku=72411,ATEEN,https://ateen.vteximg.com.br/arquivos/ids/312892_2,,519.00 BRL,,in_stock,new,NEW IN,Ropa y accesorios > Prendas de vestir,,,,,new_in,,,,,ATEEN,https://www.ateen.com.br,https://ateen.zendesk.com/hc/pt-br/sections/360003548834-Troca-e-Devolu%C3%A7%C3%A3o,BR,BR,true,false,true
29208,,VESTIDO SEDA ESTAMPA RUBY,"Seda fluida com Estampa Ruby, decote drapeado e alças finas. A Estampa Ruby imprime personalidade e delicadeza a este vestido longo de seda, enquanto o decote com drapeado valoriza o colo de forma sutil e elegante. O recorte na barra garante movimento e fluidez ao caminhar, tornando a peça ideal para ocasiões especiais, produções resort chic ou looks sofisticados nos dias mais quentes. Detalhes: Confeccionado em seda fluida Exclusiva Estampa Ruby Decote com detalhe drapeado Alças finas Modelagem longa com recorte na barra Caimento fluido e elegante Coleção: ATEEN Verão 2027",https://www.ateen.com.br/vestido-seda-estampa-ruby-04-20-1773/p?idsku=72931,ATEEN,https://ateen.vteximg.com.br/arquivos/ids/314037_2,,2799.00 BRL,,in_stock,new,NEW IN,Ropa y accesorios > Prendas de vestir,,,,,new_in,,,,,ATEEN,https://www.ateen.com.br,https://ateen.zendesk.com/hc/pt-br/sections/360003548834-Troca-e-Devolu%C3%A7%C3%A3o,BR,BR,true,false,true
29209,,CALÇA SEDA ESTAMPA DALLA,"Seda fluida com estampa autoral Dalla e caimento reto. A leveza da seda se combina com uma estampa autoral que confere personalidade e sofisticação à peça. A modelagem reta valoriza a silhueta com naturalidade, enquanto os passantes para cinto ampliam as possibilidades de composição, do casual chic aos eventos especiais. Detalhes: Calça feminina em seda Estampa exclusiva Dalla Modelagem reta com caimento fluido Passantes para cinto Cintura com acabamento refinado Tecido leve, macio e confortável Coleção: ATEEN Verão 2027",https://www.ateen.com.br/calca-seda-estampa-dalla-06-04-0522/p?idsku=72500,ATEEN,https://ateen.vteximg.com.br/arquivos/ids/314242_2,,2459.00 BRL,,in_stock,new,NEW IN,Ropa y accesorios > Prendas de vestir,,,,,new_in,,,,,ATEEN,https://www.ateen.com.br,https://ateen.zendesk.com/hc/pt-br/sections/360003548834-Troca-e-Devolu%C3%A7%C3%A3o,BR,BR,true,false,true
29210,,BLUSA DRAP SEDA ESTAMPA DALLA,"Seda pura com decote drapeado, estampa exclusiva e caimento impecável. O decote drapeado cria um efeito fluido que valoriza o colo com elegância natural, enquanto a estampa Dalla imprime personalidade marcante à peça. Versátil o suficiente para transitar do casual chic a ocasiões especiais, esta blusa une feminilidade, leveza e sofisticação em uma composição atemporal. Detalhes: Blusa feminina em seda Estampa exclusiva Dalla Decote drapeado sofisticado Modelagem com caimento fluido Toque leve e macio Acabamento refinado Coleção: ATEEN Verão 2027",https://www.ateen.com.br/blusa-drap-seda-estampa-dalla-05-19-0347/p?idsku=72475,ATEEN,https://ateen.vteximg.com.br/arquivos/ids/313064_2,,2029.00 BRL,,in_stock,new,NEW IN,Ropa y accesorios > Prendas de vestir,,,,,new_in,,,,,ATEEN,https://www.ateen.com.br,https://ateen.zendesk.com/hc/pt-br/sections/360003548834-Troca-e-Devolu%C3%A7%C3%A3o,BR,BR,true,false,true
29211,,VESTIDO LAISE DIANA,"Bordado em laise vazada com alças finas de amarração e modelagem ampla. O caimento fluido e a leveza do tecido tornam este vestido longo uma escolha versátil para dias ensolarados, viagens e ocasiões especiais. O decote com franzido delicado valoriza o colo, enquanto a barra com bordado em laise confere acabamento refinado e toque romântico. Uma peça atemporal com silhueta elegante e despojada. Detalhes: Bordado em laise vazada com acabamento sofisticado Alças finas com amarração regulável Decote delicado com leve franzido Modelagem ampla e caimento fluido Barra com detalhes em laise bordada Tecido leve e confortável Coleção: ATEEN Verão 2027",https://www.ateen.com.br/vestido-laise-diana-04-01-0398/p?idsku=72419,ATEEN,https://ateen.vteximg.com.br/arquivos/ids/312907_2,,1839.00 BRL,,in_stock,new,NEW IN,Ropa y accesorios > Prendas de vestir,,,,,new_in,,,,,ATEEN,https://www.ateen.com.br,https://ateen.zendesk.com/hc/pt-br/sections/360003548834-Troca-e-Devolu%C3%A7%C3%A3o,BR,BR,true,false,true
29212,,BOMBER SEDA ESTAMPA DALLA,"Seda pura com estampa exclusiva, corte bomber e acabamento refinado. Design clássico de jaqueta bomber reinterpretado em seda com toque macio e caimento leve. A estampa Dalla confere personalidade marcante à peça, enquanto o fechamento frontal por zíper, a gola estruturada e os punhos com elástico garantem conforto e vestibilidade impecável. Versátil o suficiente para transitar do casual sofisticado ao elegante, esta bomber chic é peça-chave para composições modernas e autorais. Detalhes: Bomber feminina em seda Estampa exclusiva Dalla Fechamento frontal por zíper Gola estruturada Punhos e barra com elástico para melhor ajuste Modelagem confortável com caimento leve Toque macio e acabamento sofisticado Coleção: ATEEN Verão 2027",https://www.ateen.com.br/bomber-seda-estampa-dalla-01-06-0169/p?idsku=72414,ATEEN,https://ateen.vteximg.com.br/arquivos/ids/312902_2,,3259.00 BRL,,in_stock,new,NEW IN,Ropa y accesorios > Prendas de vestir,,,,,new_in,,,,,ATEEN,https://www.ateen.com.br,https://ateen.zendesk.com/hc/pt-br/sections/360003548834-Troca-e-Devolu%C3%A7%C3%A3o,BR,BR,true,false,true
29213,,SAIA DOT,"Viscose macia com drapeado transpassado e comprimento midi. A modelagem ajustada ao corpo valoriza a silhueta sem abrir mão do conforto, enquanto o detalhe transpassado cria movimento e sofisticação ao caimento. Versátil para composições que transitam do dia à noite, a peça combina com a Blusa Dot para um conjunto harmonioso de estilo casual chic. Detalhes: Comprimento midi Modelagem ajustada Detalhe frontal transpassado com drapeado Caimento fluido Toque macio Coleção: ATEEN Verão 2027",https://www.ateen.com.br/saia-dot-09-08-1199/p?idsku=72879,ATEEN,https://ateen.vteximg.com.br/arquivos/ids/313150_2,,869.00 BRL,,in_stock,new,NEW IN,Ropa y accesorios > Prendas de vestir,,,,,new_in,,,,,ATEEN,https://www.ateen.com.br,https://ateen.zendesk.com/hc/pt-br/sections/360003548834-Troca-e-Devolu%C3%A7%C3%A3o,BR,BR,true,false,true
29214,,VESTIDO MALHA TULE ALCINHA,"Estampado com brilho sutil e caimento alongado. Modelagem reta e fluida que transita com naturalidade entre o dia a dia e ocasiões especiais. As alças finas reguláveis garantem ajuste preciso ao corpo, enquanto o toque macio do poliéster confere leveza e conforto ao longo do uso. Uma peça chic que se adapta a sandálias rasteiras ou acessórios marcantes com igual elegância. Detalhes: Confeccionado em malha de tule estampada Tecido com leve brilho Alças finas reguláveis Decote arredondado Modelagem reta e alongada Caimento leve e fluido Toque macio e confortável Coleção: ATEEN Verão 2027",https://www.ateen.com.br/vestido-malha-tule-alcinha-04-01-0408/p?idsku=72567,ATEEN,https://ateen.vteximg.com.br/arquivos/ids/312912_2,,1329.00 BRL,,in_stock,new,NEW IN,Ropa y accesorios > Prendas de vestir,,,,,new_in,,,,,ATEEN,https://www.ateen.com.br,https://ateen.zendesk.com/hc/pt-br/sections/360003548834-Troca-e-Devolu%C3%A7%C3%A3o,BR,BR,true,false,true
29215,,REGATA FELIX,"Malha leve com fios de lurex em listras horizontais e brilho sutil. Modelagem soltinha e cavas amplas garantem liberdade de movimentos sem abrir mão do refinamento. O decote redondo e o caimento fluido tornam esta regata feminina uma peça versátil para composições com alfaiataria, jeans, saias ou sobreposições, do dia a dia às ocasiões que pedem um toque a mais de sofisticação casual chic. Detalhes: Modelagem soltinha com caimento fluido Fios de lurex com brilho sutil Padronagem de listras horizontais Decote redondo Cavas amplas Visual minimalista e sofisticado Coleção: ATEEN Verão 2027",https://www.ateen.com.br/regata-felix-05-14-1147/p?idsku=72668,ATEEN,https://ateen.vteximg.com.br/arquivos/ids/313275_2,,239.00 BRL,,in_stock,new,NEW IN,Ropa y accesorios > Prendas de vestir,,,,,new_in,,,,,ATEEN,https://www.ateen.com.br,https://ateen.zendesk.com/hc/pt-br/sections/360003548834-Troca-e-Devolu%C3%A7%C3%A3o,BR,BR,true,false,true
29216,,KIMONO SEDA ESTAMPA LULANI,"Seda fluida com estampa exclusiva em arabescos e tons vibrantes. A Estampa Lulani, de inspiração em paisley, confere personalidade marcante a este kimono de modelagem ampla e design aberto. Versátil como terceira peça, compõe com facilidade vestidos, blusas e conjuntos para ocasiões que pedem elegância despojada do casual chic ao sofisticado. Detalhes: Kimono em seda com modelagem ampla Estampa exclusiva Lulani (arabescos e paisley em tons vibrantes) Design aberto, sem fechamento Mangas amplas Bolsos frontais funcionais Caimento leve e fluido Coleção: ATEEN Verão 2027",https://www.ateen.com.br/kimono-seda-estampa-lulani-05-21-0056/p?idsku=72784,ATEEN,https://ateen.vteximg.com.br/arquivos/ids/313078_2,,2749.00 BRL,,in_stock,new,NEW IN,Ropa y accesorios > Prendas de vestir,,,,,new_in,,,,,ATEEN,https://www.ateen.com.br,https://ateen.zendesk.com/hc/pt-br/sections/360003548834-Troca-e-Devolu%C3%A7%C3%A3o,BR,BR,true,false,true
29217,,CALÇA NEAT,"Modelagem pantalona com sobreposição frontal estilo saia e cós largo. O caimento fluido da malha de viscose com elastano garante leveza e conforto em cada movimento, enquanto o cós largo valoriza a silhueta com ajuste preciso. Versátil o suficiente para transitar do casual ao sofisticado, a peça combina com blusas ajustadas, camisas e alfaiataria leve, uma calça pantalona feminina que equilibra design e praticidade. Detalhes: Modelagem pantalona Sobreposição frontal estilo saia Cós largo para melhor ajuste Caimento fluido e confortável Malha de toque macio Coleção: ATEEN Verão 2027",https://www.ateen.com.br/calca-neat-06-03-0579/p?idsku=72818,ATEEN,https://ateen.vteximg.com.br/arquivos/ids/313405_2,,799.00 BRL,,in_stock,new,NEW IN,Ropa y accesorios > Prendas de vestir,,,,,new_in,,,,,ATEEN,https://www.ateen.com.br,https://ateen.zendesk.com/hc/pt-br/sections/360003548834-Troca-e-Devolu%C3%A7%C3%A3o,BR,BR,true,false,true
29218,,REGATA FLANELATTO,"Malha mescla flanelada em modelagem soltinha com cavas amplas. Versátil e atemporal, esta regata com toque flanelado oferece liberdade de movimentos sem abrir mão do caimento leve e do acabamento refinado. Ideal para composições casuais no dia a dia ou como base boho em sobreposições com jaquetas, camisas e tricots em qualquer estação. Detalhes: Malha mescla de toque macio Modelagem reta e soltinha Decote arredondado Cavas amplas Caimento leve Acabamento refinado Ideal para composições e uso no dia a dia Coleção: ATEEN Verão 2027",https://www.ateen.com.br/regata-flanelatto-05-14-1154/p?idsku=72672,ATEEN,https://ateen.vteximg.com.br/arquivos/ids/313285_2,,349.00 BRL,,in_stock,new,NEW IN,Ropa y accesorios > Prendas de vestir,,,,,new_in,,,,,ATEEN,https://www.ateen.com.br,https://ateen.zendesk.com/hc/pt-br/sections/360003548834-Troca-e-Devolu%C3%A7%C3%A3o,BR,BR,true,false,true
29219,,VESTIDO ALGODÃO NILO BORDADO,"Bordados vazados em faixas verticais sobre algodão puro, leve e macio. Modelagem longa e fluida com decote em V e recorte estruturado no busto, este vestido une delicadeza artesanal e conforto respirável. As alças finas reguláveis garantem ajuste preciso ao corpo, tornando a peça versátil para produções casuais, viagens e ocasiões que pedem leveza com sofisticação. Detalhes: Confeccionado em 100% algodão Modelagem longa e fluida Bordados vazados aplicados em faixas verticais Decote em V com recorte estruturado no busto Alças finas reguláveis Toque macio e respirável Ideal para produções casuais, viagens e dias de verão Coleção: ATEEN Verão 2027",https://www.ateen.com.br/vestido-algodao-nilo-bordado-04-01-0411/p?idsku=72570,ATEEN,https://ateen.vteximg.com.br/arquivos/ids/313513_2,,869.00 BRL,,in_stock,new,NEW IN,Ropa y accesorios > Prendas de vestir,,,,,new_in,,,,,ATEEN,https://www.ateen.com.br,https://ateen.zendesk.com/hc/pt-br/sections/360003548834-Troca-e-Devolu%C3%A7%C3%A3o,BR,BR,true,false,true
29220,,CALÇA TWILL,"Mesclado com fios de brilho em corte reto de alfaiataria. A mistura de viscose e linho resulta em um caimento impecável e toque sofisticado, com textura que equilibra estrutura e leveza. O cós refinado garante conforto ao longo do dia, enquanto os bolsos embutidos posteriores adicionam funcionalidade sem comprometer a silhueta. Versátil o suficiente para transitar do office look às produções mais elegantes com naturalidade. Detalhes: Modelagem reta de alfaiataria Tecido estruturado com efeito mesclado Fios de brilho sutil Bolsos embutidos posteriores Fechamento frontal por zíper, botão e colchetes internos Cós com acabamento refinado Coleção: ATEEN Verão 2027",https://www.ateen.com.br/calca-twill-06-01-0165/p?idsku=72789,ATEEN,https://ateen.vteximg.com.br/arquivos/ids/313397_2,,819.00 BRL,,in_stock,new,NEW IN,Ropa y accesorios > Prendas de vestir,,,,,new_in,,,,,ATEEN,https://www.ateen.com.br,https://ateen.zendesk.com/hc/pt-br/sections/360003548834-Troca-e-Devolu%C3%A7%C3%A3o,BR,BR,true,false,true
29221,,SAIA SEDA ESTAMPA MAUVE LUREX,"Seda leve com estampa exclusiva, fios de lurex e babado sobreposto. Modelagem longa e caimento fluido que se movimenta com elegância a cada passo. O cós com elástico garante ajuste confortável ao corpo, enquanto o recorte com babado sobreposto adiciona volume e feminilidade ao visual. Os delicados fios de lurex integrados à Estampa Mauve proporcionam brilho sutil e refinado, tornando esta saia uma escolha certeira para produções resort chic, viagens e ocasiões especiais. Combine com a Blusa TQC Seda Estampa Mauve Lurex para um conjunto completo, ou com blusas e camisas lisas para um look boho sofisticado. Detalhes: Modelagem longa e fluida Estampa exclusiva Mauve com fios de lurex Brilho sutil e acabamento refinado Cós com elástico para maior conforto Recorte com babado sobreposto Visual boho chic contemporâneo Coleção: ATEEN Verão 2027",https://www.ateen.com.br/saia-seda-estampa-mauve-lurex-09-08-1207/p?idsku=72883,ATEEN,https://ateen.vteximg.com.br/arquivos/ids/313154_2,,1829.00 BRL,,in_stock,new,NEW IN,Ropa y accesorios > Prendas de vestir,,,,,new_in,,,,,ATEEN,https://www.ateen.com.br,https://ateen.zendesk.com/hc/pt-br/sections/360003548834-Troca-e-Devolu%C3%A7%C3%A3o,BR,BR,true,false,true
29222,,CALÇA JEANS BLACK,"Jeans preto com corte flare de caimento preciso e elegante. O algodão com toque de elastano garante conforto e mobilidade ao longo do dia, enquanto a lavagem preta confere versatilidade para composições casuais ou sofisticadas. O cós com passantes, fechamento por botão e zíper e os bolsos funcionais completam uma peça atemporal que combina com camisas, tricots, blusas e blazers em qualquer ocasião. Detalhes: Modelagem levemente flare Lavagem preta Cós com passantes para cinto Fechamento por botão e zíper Bolsos frontais e traseiros funcionais Excelente caimento Coleção: ATEEN Verão 2027",https://www.ateen.com.br/calca-jeans-black-06-03-0616/p?idsku=72822,ATEEN,https://ateen.vteximg.com.br/arquivos/ids/313112_2,,769.00 BRL,,in_stock,new,NEW IN,Ropa y accesorios > Prendas de vestir,,,,,new_in,,,,,ATEEN,https://www.ateen.com.br,https://ateen.zendesk.com/hc/pt-br/sections/360003548834-Troca-e-Devolu%C3%A7%C3%A3o,BR,BR,true,false,true
29223,,CALÇA NORDIC,"Listras verticais em modelagem reta de alfaiataria estruturada. O tecido listrado alonga visualmente a silhueta enquanto a modelagem reta de alfaiataria garante conforto e sofisticação. Peça chic que transita com facilidade entre produções casuais e sociais, ideal para composições coordenadas com o Colete Nordic ou combinada com camisas, blusas e tricôs. Detalhes: Modelagem reta de alfaiataria Tecido listrado Cintura média Fechamento por zíper e colchete interno Caimento estruturado e confortável Coleção: ATEEN Verão 2027",https://www.ateen.com.br/calca-nordic-06-01-0168/p?idsku=72795,ATEEN,https://ateen.vteximg.com.br/arquivos/ids/314007_2,,1119.00 BRL,,in_stock,new,NEW IN,Ropa y accesorios > Prendas de vestir,,,,,new_in,,,,,ATEEN,https://www.ateen.com.br,https://ateen.zendesk.com/hc/pt-br/sections/360003548834-Troca-e-Devolu%C3%A7%C3%A3o,BR,BR,true,false,true
29224,,VESTIDO VELVET ONZA,"Veludo animal print com brilho sutil, drapeado frontal e decote em V. O caimento midi acompanha a silhueta com elegância natural, enquanto as alças finas e o drapeado frontal adicionam feminilidade sem exagero. Tecido macio com toque aveludado e visual marcante, ideal para eventos, produções noturnas e ocasiões que pedem sofisticação com personalidade. Detalhes: Veludo com textura animal print Decote em V Alças finas delicadas Drapeado frontal que valoriza a silhueta Modelagem midi com excelente caimento Tecido macio com brilho sofisticado Ideal para eventos e produções elegantes Coleção: ATEEN Verão 2027",https://www.ateen.com.br/vestido-velvet-onza-04-12-1311/p?idsku=72929,ATEEN,https://ateen.vteximg.com.br/arquivos/ids/312926_2,,929.00 BRL,,in_stock,new,NEW IN,Ropa y accesorios > Prendas de vestir,,,,,new_in,,,,,ATEEN,https://www.ateen.com.br,https://ateen.zendesk.com/hc/pt-br/sections/360003548834-Troca-e-Devolu%C3%A7%C3%A3o,BR,BR,true,false,true
29225,,REGATA MALHA PIMA,"Algodão pima de toque incomparável em modelagem reta, leve e atemporal. Fibra nobre reconhecida pela maciez, respirabilidade e durabilidade, o algodão pima eleva esta regata feminina a uma peça essencial do guarda-roupa. O decote arredondado e as cavas amplas garantem conforto e liberdade de movimento, tornando-a versátil para o uso solo ou em sobreposições com camisas, blazers e jaquetas do casual ao sofisticado. Detalhes: Modelagem reta Decote arredondado Cavas amplas 100% algodão pima Alta respirabilidade e durabilidade Acabamento premium Coleção: ATEEN Verão 2027",https://www.ateen.com.br/regata-malha-pima-05-14-1156/p?idsku=72680,ATEEN,https://ateen.vteximg.com.br/arquivos/ids/313021_2,,319.00 BRL,,in_stock,new,NEW IN,Ropa y accesorios > Prendas de vestir,,,,,new_in,,,,,ATEEN,https://www.ateen.com.br,https://ateen.zendesk.com/hc/pt-br/sections/360003548834-Troca-e-Devolu%C3%A7%C3%A3o,BR,BR,true,false,true
29227,,CALÇA SARJA MILITAR,"Visual utilitário da sarja com uma modelagem elegante e atemporal. O corte reto e cintura alta que valorizam a silhueta com equilíbrio entre o utilitário e o sofisticado. Os bolsos frontais e traseiros reforçam o apelo funcional da peça, enquanto o fechamento por botão e zíper garante praticidade no dia a dia. Versátil o suficiente para transitar entre looks casuais e produções mais elaboradas, harmoniza com camisas, regatas, tricots e blazers com igual naturalidade. Detalhes: Modelagem reta Cintura alta Bolsos frontais funcionais Bolsos traseiros Fechamento por botão e zíper Caimento estruturado e confortável Design atemporal e versátil Coleção: ATEEN Verão 2027",https://www.ateen.com.br/calca-sarja-militar-06-03-0620/p?idsku=72828,ATEEN,https://ateen.vteximg.com.br/arquivos/ids/313417_2,,659.00 BRL,,in_stock,new,NEW IN,Ropa y accesorios > Prendas de vestir,,,,,new_in,,,,,ATEEN,https://www.ateen.com.br,https://ateen.zendesk.com/hc/pt-br/sections/360003548834-Troca-e-Devolu%C3%A7%C3%A3o,BR,BR,true,false,true
29228,,CALÇA ALFAIATARIA SEATTLE,"Textura mesclada em modelagem reta de caimento elegante e versátil. Corte reto e cintura média garantem um visual refinado que transita com facilidade entre o ambiente de trabalho e composições mais casuais. Os passantes para cinto permitem ajuste personalizado, enquanto os bolsos frontais funcionais e posteriores aplicados unem praticidade ao acabamento sofisticado. Uma calça de alfaiataria feminina que equilibra estrutura e conforto no dia a dia. Detalhes: Modelagem reta Cintura média Tecido com textura mesclada Passantes para cinto Bolsos frontais funcionais Bolsos posteriores aplicados Fechamento frontal por zíper, botão e colchetes internos Coleção: ATEEN Verão 2027",https://www.ateen.com.br/calca-alfaiataria-seattle-06-01-0169/p?idsku=72801,ATEEN,https://ateen.vteximg.com.br/arquivos/ids/313102_2,,789.00 BRL,,in_stock,new,NEW IN,Ropa y accesorios > Prendas de vestir,,,,,new_in,,,,,ATEEN,https://www.ateen.com.br,https://ateen.zendesk.com/hc/pt-br/sections/360003548834-Troca-e-Devolu%C3%A7%C3%A3o,BR,BR,true,false,true
29229,,CALÇA MAX,"Wide leg estruturada, fluida e de toque incrivelmente macio. Seu design atemporal valoriza a silhueta , combinando fluidez e conforto sem abrir mão da elegância. O cós com passantes para cinto e os bolsos posteriores aplicados adicionam funcionalidade e um toque moderno, tornando esta calça versátil para composições casuais chic ou de alfaiataria contemporânea. Detalhes: Modelagem ampla (wide leg) Cós com passantes para cinto Fechamento frontal por zíper, botão e colchetes internos Bolsos frontais funcionais Bolsos posteriores aplicados Caimento estruturado e elegante Tecido de toque macio e confortável Coleção: ATEEN Verão 2027",https://www.ateen.com.br/calca-max-06-04-0518/p?idsku=72833,ATEEN,https://ateen.vteximg.com.br/arquivos/ids/313431_2,,979.00 BRL,,in_stock,new,NEW IN,Ropa y accesorios > Prendas de vestir,,,,,new_in,,,,,ATEEN,https://www.ateen.com.br,https://ateen.zendesk.com/hc/pt-br/sections/360003548834-Troca-e-Devolu%C3%A7%C3%A3o,BR,BR,true,false,true
29230,,COLETE NORDIC,"Listrado com pontos de brilho em alfaiataria estruturada. Decote profundo em V e fechamento frontal por colchete de pressão conferem acabamento discreto e sofisticado. Versátil o suficiente para ser usado sozinho ou sobre camisas e blusas, este colete transita com naturalidade entre produções casuais refinadas e ocasiões sociais mais elaboradas. Detalhes: Tecido listrado com pontos de brilho aplicados Decote profundo em V Modelagem de alfaiataria estruturada Fechamento frontal por colchete de pressão Caimento que valoriza a silhueta Versátil para diferentes combinações Coleção: ATEEN Verão 2027",https://www.ateen.com.br/colete-nordic-10-04-0016/p?idsku=72895,ATEEN,https://ateen.vteximg.com.br/arquivos/ids/313163_2,,569.00 BRL,,in_stock,new,NEW IN,Ropa y accesorios > Prendas de vestir,,,,,new_in,,,,,ATEEN,https://www.ateen.com.br,https://ateen.zendesk.com/hc/pt-br/sections/360003548834-Troca-e-Devolu%C3%A7%C3%A3o,BR,BR,true,false,true
29231,,VESTIDO LONGO SEDA ESTAMPA BLAIR LUREX,"Seda com fios de lurex, brilho sutil e caimento longo impecável. A estampa exclusiva Blair confere personalidade marcante a este vestido fluido, enquanto a faixa do próprio tecido define a cintura com elegância natural. As mangas longas com punhos em elástico adicionam volume controlado e sofisticação, tornando a peça ideal para eventos, festas e produções que pedem presença sem exagero. Um vestido chic que equilibra leveza e refinamento com a fluidez característica da seda. Detalhes: Modelagem longa e fluida Seda com fios de lurex para brilho sutil Estampa exclusiva Blair Lurex Decote canoa Faixa do mesmo tecido para amarração na cintura Mangas longas com punhos em elástico Ideal para eventos, festas e ocasiões especiais Coleção: ATEEN Verão 2027",https://www.ateen.com.br/vestido-longo-seda-estampa-blair-lurex-04-12-1315/p?idsku=72579,ATEEN,https://ateen.vteximg.com.br/arquivos/ids/312930_2,,5559.00 BRL,,in_stock,new,NEW IN,Ropa y accesorios > Prendas de vestir,,,,,new_in,,,,,ATEEN,https://www.ateen.com.br,https://ateen.zendesk.com/hc/pt-br/sections/360003548834-Troca-e-Devolu%C3%A7%C3%A3o,BR,BR,true,false,true
29232,,REGATA CANELADA,"Malha canelada de toque macio, alta elasticidade e caimento ajustado. Confeccionada em viscose com elastano, esta regata une conforto e versatilidade em uma modelagem reta que valoriza a silhueta de forma natural. O decote arredondado e as cavas amplas garantem um visual despojado e contemporâneo, ideal tanto para usar sozinha quanto em sobreposições com blazers, camisas e jaquetas. Combina com jeans, alfaiataria, saias e shorts, tornando-se uma peça-chave para diversas ocasiões do dia a dia. Detalhes: Malha canelada Modelagem reta Decote arredondado Cavas amplas Toque macio e confortável Alta elasticidade Caimento ajustado ao corpo Coleção: ATEEN Verão 2027",https://www.ateen.com.br/regata-canelada-05-14-1188/p?idsku=72688,ATEEN,https://ateen.vteximg.com.br/arquivos/ids/313302_2,,389.00 BRL,,in_stock,new,NEW IN,Ropa y accesorios > Prendas de vestir,,,,,new_in,,,,,ATEEN,https://www.ateen.com.br,https://ateen.zendesk.com/hc/pt-br/sections/360003548834-Troca-e-Devolu%C3%A7%C3%A3o,BR,BR,true,false,true
29233,,CALÇA LINHO PREGAS,"Linho leve com pregas frontais, corte reto e caimento impecável. Peça versátil que transita com naturalidade entre o casual e o sofisticado, a calça de linho com pregas é uma escolha chic para o dia a dia urbano. O tecido leve garante frescor e conforto, enquanto as pregas frontais adicionam elegância ao caimento sem perder a praticidade. Bolsos funcionais e cintura média com passantes completam o design com equilíbrio entre forma e função. Detalhes: Confeccionada em 100% linho Pregas frontais para elegância no caimento Bolsos frontais e traseiros funcionais Cintura média com passantes Corte reto Coleção: ATEEN Verão 2027",https://www.ateen.com.br/calca-linho-pregas-06-01-0172/p?idsku=72813,ATEEN,https://ateen.vteximg.com.br/arquivos/ids/313401_2,,829.00 BRL,,in_stock,new,NEW IN,Ropa y accesorios > Prendas de vestir,,,,,new_in,,,,,ATEEN,https://www.ateen.com.br,https://ateen.zendesk.com/hc/pt-br/sections/360003548834-Troca-e-Devolu%C3%A7%C3%A3o,BR,BR,true,false,true
29234,,VESTIDO BORDADO NYRA,"Floral em relevo sobre tecido transparente e fluido. Modelagem reta e leve que valoriza o movimento, com textura do bordado conferindo acabamento refinado e exclusivo. As alças em cordão trançado adicionam toque artesanal ao conjunto, tornando esta peça boho chic ideal para ocasiões especiais — pode ser usada com a combinação para um visual clássico ou em sobreposições contemporâneas. Detalhes: Tecido transparente com bordado floral em relevo Alças em cordão trançado Decote reto Modelagem reta e fluida Acompanha forro formato maiô Caimento leve e elegante Acabamento premium Ideal para ocasiões especiais e produções sofisticadas Coleção: ATEEN Verão 2027",https://www.ateen.com.br/vestido-bordado-nyra-04-20-1750/p?idsku=72598,ATEEN,https://ateen.vteximg.com.br/arquivos/ids/312950_2,,1839.00 BRL,,in_stock,new,NEW IN,Ropa y accesorios > Prendas de vestir,,,,,new_in,,,,,ATEEN,https://www.ateen.com.br,https://ateen.zendesk.com/hc/pt-br/sections/360003548834-Troca-e-Devolu%C3%A7%C3%A3o,BR,BR,true,false,true
29236,,CALÇA SEDA BLACK,"Seda pura em modelagem afunilada com recortes que valorizam a silhueta. Caimento fluido e leveza natural da seda se combinam a detalhes funcionais: bolsos frontais discretos e fechamento por zíper invisível na lateral garantem acabamento impecável. Os recortes contemporâneos trazem sofisticação sem abrir mão do conforto, tornando esta calça uma peça versátil para composições que transitam do casual chic às ocasiões mais refinadas. Detalhes: Calça feminina em seda pura Modelagem afunilada Recortes contemporâneos na modelagem Bolsos frontais funcionais Fechamento por zíper invisível na lateral Caimento leve e fluido Versátil para diferentes ocasiões Coleção: ATEEN Verão 2027",https://www.ateen.com.br/calca-seda-black-06-04-0524/p?idsku=72840,ATEEN,https://ateen.vteximg.com.br/arquivos/ids/313436_2,,1819.00 BRL,,in_stock,new,NEW IN,Ropa y accesorios > Prendas de vestir,,,,,new_in,,,,,ATEEN,https://www.ateen.com.br,https://ateen.zendesk.com/hc/pt-br/sections/360003548834-Troca-e-Devolu%C3%A7%C3%A3o,BR,BR,true,false,true
29237,,VESTIDO BORDADO MURAD,"Vazado com caimento reto fluido e decote em V. Confeccionado em tecido bordado com delicados desenhos vazados, combinando leveza e estrutura para um resultado sofisticado e confortável. O decote profundo em V alonga a silhueta, enquanto o fechamento por botões revestidos e a abertura frontal abaixo deles adicionam movimento e charme clássico à peça. O forro interno garante segurança e conforto em produções mais elaboradas. Versátil o suficiente para eventos ao ar livre, ocasiões especiais ou looks sofisticados que pedem leveza e presença. Detalhes: Tecido bordado vazado Modelagem reta Decote profundo em V Fechamento frontal por botões revestidos Abertura abaixo dos botões frontais Forro interno Caimento leve e confortável Coleção: ATEEN Verão 2027",https://www.ateen.com.br/vestido-bordado-murad-04-12-1316/p?idsku=72584,ATEEN,https://ateen.vteximg.com.br/arquivos/ids/314268_2,,1079.00 BRL,,in_stock,new,NEW IN,Ropa y accesorios > Prendas de vestir,,,,,new_in,,,,,ATEEN,https://www.ateen.com.br,https://ateen.zendesk.com/hc/pt-br/sections/360003548834-Troca-e-Devolu%C3%A7%C3%A3o,BR,BR,true,false,true
29238,,VESTIDO MIDI CROCHÊ LOSANGOS,"Geométrico em losangos com decote V transpassado. Modelagem midi que valoriza a silhueta com acabamento artesanal exclusivo. O decote em V transpassado adiciona sofisticação ao visual, enquanto o caimento elegante permite uso com forro ou sobre peças de beachwear. Versátil para produções de resort, ocasiões especiais e momentos à beira-mar com estilo boho chic. Detalhes: Confeccionado em crochê trabalhado Desenho geométrico em losangos com detalhes circulares Comprimento midi Decote em V transpassado Modelagem que valoriza a silhueta Acabamento artesanal Pode ser usado com forro ou sobre beachwear Coleção: ATEEN Verão 2027",https://www.ateen.com.br/vestido-midi-croche-losangos-04-20-1763/p?idsku=72604,ATEEN,https://ateen.vteximg.com.br/arquivos/ids/314703_2,,2399.00 BRL,,in_stock,new,NEW IN,Ropa y accesorios > Prendas de vestir,,,,,new_in,,,,,ATEEN,https://www.ateen.com.br,https://ateen.zendesk.com/hc/pt-br/sections/360003548834-Troca-e-Devolu%C3%A7%C3%A3o,BR,BR,true,false,true
29239,,BLUSA STARBRIGHT,"Malha acetinada com leve efeito luminoso, decote canoa e modelagem ampla. Confeccionada em tecido com toque macio e elastano para maior conforto, a Blusa Starbright une brilho discreto e versatilidade em uma peça de caimento fluido. O decote canoa valoriza o colo com elegância, enquanto as mangas longas completam a proposta chic. Transita com facilidade entre looks casuais e sofisticados combinando com calças de alfaiataria, jeans ou saias. Detalhes: Malha com acabamento acetinado e leve efeito luminoso Modelagem ampla e caimento fluido Decote canoa Mangas longas Toque macio e confortável Coleção: ATEEN Verão 2027",https://www.ateen.com.br/blusa-starbright-05-18-2104/p?idsku=72710,ATEEN,https://ateen.vteximg.com.br/arquivos/ids/313339_2,,379.00 BRL,,in_stock,new,NEW IN,Ropa y accesorios > Prendas de vestir,,,,,new_in,,,,,ATEEN,https://www.ateen.com.br,https://ateen.zendesk.com/hc/pt-br/sections/360003548834-Troca-e-Devolu%C3%A7%C3%A3o,BR,BR,true,false,true
29240,,CAMISA BORDADO TRUE LOVE,"Bordado sutil e caimento fluido em modelagem clássica. Tecido leve que combina a textura natural do linho com a fluidez da viscose, resultando em uma camisa de toque agradável e caimento impecável. O bordado delicado confere exclusividade à peça, enquanto a gola tradicional, o fechamento frontal por botões e os punhos abotoados garantem versatilidade para transitar entre produções casuais e refinadas com alfaiataria, jeans ou saias. Detalhes: Tecido linho e viscose Bordado delicado como detalhe exclusivo Modelagem clássica com caimento fluido Gola tradicional Fechamento frontal por botões Mangas longas com punhos abotoados Coleção: ATEEN Verão 2027",https://www.ateen.com.br/camisa-bordado-true-love-11-04-0655/p?idsku=72906,ATEEN,https://ateen.vteximg.com.br/arquivos/ids/314301_2,,799.00 BRL,,in_stock,new,NEW IN,Ropa y accesorios > Prendas de vestir,,,,,new_in,,,,,ATEEN,https://www.ateen.com.br,https://ateen.zendesk.com/hc/pt-br/sections/360003548834-Troca-e-Devolu%C3%A7%C3%A3o,BR,BR,true,false,true
29241,,CALÇA SPENCER,"Textura mesclada em pernas amplas e cós com recortes. O cós sobreposto com recortes valoriza a cintura e confere um toque contemporâneo ao design, enquanto as pregas frontais garantem conforto e caimento impecável. Os bolsos laterais funcionais completam uma peça que transita com naturalidade do office look a produções mais elaboradas. Versátil, sofisticada e atemporal. Detalhes: Tecido com textura mesclada e acabamento sofisticado Modelagem de pernas amplas Cós sobreposto com recortes Pregas frontais Bolsos laterais funcionais Coleção: ATEEN Verão 2027",https://www.ateen.com.br/calca-spencer-06-06-0139/p?idsku=72846,ATEEN,https://ateen.vteximg.com.br/arquivos/ids/313449_2,,899.00 BRL,,in_stock,new,NEW IN,Ropa y accesorios > Prendas de vestir,,,,,new_in,,,,,ATEEN,https://www.ateen.com.br,https://ateen.zendesk.com/hc/pt-br/sections/360003548834-Troca-e-Devolu%C3%A7%C3%A3o,BR,BR,true,false,true
29242,,VESTIDO VELUDO OSAKA,"Veludo canelado com brilho sutil, ombreiras e drapeados estratégicos. Modelagem ajustada ao corpo com mangas longas e drapeados na cintura, na saia e nas pontas das mangas criam movimento e sofisticação em cada detalhe. As ombreiras estruturadas conferem imponência contemporânea, tornando este vestido midi a escolha natural para festas, eventos e produções noturnas que pedem elegância com personalidade. Detalhes: Tecido veludo com textura canelada e leve brilho Ombreiras estruturadas Decote redondo Mangas longas com drapeado na ponta Drapeados estratégicos na cintura e na saia Modelagem ajustada que valoriza a silhueta Ideal para festas, eventos e ocasiões especiais Coleção: ATEEN Verão 2027",https://www.ateen.com.br/vestido-veludo-osaka-04-18-0388/p?idsku=72590,ATEEN,https://ateen.vteximg.com.br/arquivos/ids/313256_2,,989.00 BRL,,in_stock,new,NEW IN,Ropa y accesorios > Prendas de vestir,,,,,new_in,,,,,ATEEN,https://www.ateen.com.br,https://ateen.zendesk.com/hc/pt-br/sections/360003548834-Troca-e-Devolu%C3%A7%C3%A3o,BR,BR,true,false,true
29243,,BLUSA SPENCER,"Alfaiataria moderna com decote em V e mangas bufantes. Confeccionada em tecido de textura mesclada, a peça une caimento impecável e toque confortável ao longo do dia. O fechamento frontal com botões revestidos confere acabamento refinado, enquanto os punhos em lastex ajustam as mangas com leveza. Versátil e chic, transita com naturalidade do office look a ocasiões mais elaboradas. Detalhes: Tecido com textura mesclada Decote em V Fechamento frontal com botões revestidos Mangas longas levemente bufantes Punhos com acabamento em lastex Modelagem confortável com excelente caimento Coleção: ATEEN Verão 2027",https://www.ateen.com.br/blusa-spencer-05-18-2126/p?idsku=72713,ATEEN,https://ateen.vteximg.com.br/arquivos/ids/313736_2,,489.00 BRL,,in_stock,new,NEW IN,Ropa y accesorios > Prendas de vestir,,,,,new_in,,,,,ATEEN,https://www.ateen.com.br,https://ateen.zendesk.com/hc/pt-br/sections/360003548834-Troca-e-Devolu%C3%A7%C3%A3o,BR,BR,true,false,true
29244,,VESTIDO SEDA ESTAMPA MAUVE LUREX,"Seda fluida com estampa exclusiva em tons mauve e fios de lurex sutis. O brilho discreto dos fios metalizados ilumina o tecido sem exageros, criando um efeito sofisticado e atemporal. O recorte abaixo do busto garante caimento leve e fluido, enquanto o babado na barra adiciona movimento e feminilidade ao visual. As alças finas reguláveis proporcionam ajuste preciso, tornando este vestido longo ideal para produções resort chic, viagens e ocasiões especiais em dias ensolarados. Detalhes: Modelagem longa com caimento fluido Exclusiva Estampa Mauve com fios de lurex Alças finas reguláveis Decote arredondado Recorte abaixo do busto Babado na barra Brilho sutil e acabamento sofisticado Coleção: ATEEN Verão 2027",https://www.ateen.com.br/vestido-seda-estampa-mauve-lurex-04-20-1775/p?idsku=72616,ATEEN,https://ateen.vteximg.com.br/arquivos/ids/312970_2,,1989.00 BRL,,in_stock,new,NEW IN,Ropa y accesorios > Prendas de vestir,,,,,new_in,,,,,ATEEN,https://www.ateen.com.br,https://ateen.zendesk.com/hc/pt-br/sections/360003548834-Troca-e-Devolu%C3%A7%C3%A3o,BR,BR,true,false,true
29245,,JAQUETA TWEED CLASSIC,"Com lurex, brilho sutil e modelagem estruturada. Inspirada na alfaiataria contemporânea, esta jaqueta combina acabamento impecável com detalhes que elevam qualquer produção. Gola tradicional, botões metálicos personalizados, bolsos frontais com lapela e punhos com abotoamento compõem um visual clássico e versátil , perfeita para transitar entre looks casuais e sofisticados com calças, vestidos ou saias. Detalhes: Confeccionada em tweed texturizado Fios de lurex com brilho discreto Gola tradicional Fechamento frontal por botões metálicos personalizados Bolsos frontais com lapela Punhos com fechamento por botão Modelagem estruturada Acabamento sofisticado Coleção: ATEEN Verão 2027",https://www.ateen.com.br/jaqueta-tweed-classic-01-05-0469/p?idsku=72541,ATEEN,https://ateen.vteximg.com.br/arquivos/ids/314306_2,,939.00 BRL,,in_stock,new,NEW IN,Ropa y accesorios > Prendas de vestir,,,,,new_in,,,,,ATEEN,https://www.ateen.com.br,https://ateen.zendesk.com/hc/pt-br/sections/360003548834-Troca-e-Devolu%C3%A7%C3%A3o,BR,BR,true,false,true
29246,,CALÇA LISTRADA JACQUARD,"Listrado, caimento leve e modelagem reta. O cós em elástico garante ajuste confortável sem abrir mão do estilo, enquanto os bolsos frontais funcionais adicionam praticidade ao cotidiano. A modelagem reta valoriza a silhueta e permite combinações versáteis com camisas, blusas e tricots, uma peça casual chic que transita com facilidade entre o dia e a noite. Detalhes: Tecido jacquard com padronagem listrada Cós com elástico para ajuste confortável Bolsos frontais funcionais Modelagem reta Caimento leve e toque macio Coleção: ATEEN Verão 2027",https://www.ateen.com.br/calca-listrada-jacquard-06-06-0149/p?idsku=72852,ATEEN,https://ateen.vteximg.com.br/arquivos/ids/313128_2,,699.00 BRL,,in_stock,new,NEW IN,Ropa y accesorios > Prendas de vestir,,,,,new_in,,,,,ATEEN,https://www.ateen.com.br,https://ateen.zendesk.com/hc/pt-br/sections/360003548834-Troca-e-Devolu%C3%A7%C3%A3o,BR,BR,true,false,true
29247,,BLUSA CROCHÊ LOSANGOS,"Geométricos em crochê artesanal com mangas amplas. O algodão com toque leve garante caimento fluido e confortável, enquanto o desenho em losangos com detalhes circulares confere personalidade à peça. As mangas amplas adicionam movimento e contemporaneidade ao visual. O fechamento posterior por botão no decote une praticidade e acabamento sofisticado. Versátil o suficiente para compor produções elegantes sobre tops ou combinações em tons neutros que valorizam a riqueza do trabalho artesanal. Detalhes: Confeccionada em crochê trabalhado Desenho geométrico em losangos com detalhes circulares Modelagem ampla com caimento leve Mangas amplas Decote redondo Fechamento posterior por botão Forro incluso Acabamento artesanal Coleção: ATEEN Verão 2027",https://www.ateen.com.br/blusa-croche-losangos-05-18-2155/p?idsku=72718,ATEEN,https://ateen.vteximg.com.br/arquivos/ids/314718_2,,1519.00 BRL,,in_stock,new,NEW IN,Ropa y accesorios > Prendas de vestir,,,,,new_in,,,,,ATEEN,https://www.ateen.com.br,https://ateen.zendesk.com/hc/pt-br/sections/360003548834-Troca-e-Devolu%C3%A7%C3%A3o,BR,BR,true,false,true
29248,,VESTIDO SEDA ESTAMPA LULANI,"Estampa exclusiva de arabescos e paisley em seda pura de caimento fluido. A modelagem longa e ampla valoriza o movimento natural do tecido, enquanto as alças finas com regulagem e o busto levemente franzido garantem ajuste preciso e silhueta delicada. O decote com acabamento em vivo adiciona um toque de refinamento que eleva a peça do casual ao sofisticado, versátil o suficiente para diferentes ocasiões. Detalhes: Vestido longo confeccionado em seda Estampa exclusiva Lulani com inspiração em arabescos e paisley Tons vibrantes Alças finas com regulagem Decote com acabamento em vivo Busto com leve franzido Modelagem ampla e fluida Coleção: ATEEN Verão 2027",https://www.ateen.com.br/vestido-seda-estampa-lulani-04-20-1776/p?idsku=72622,ATEEN,https://ateen.vteximg.com.br/arquivos/ids/312974_2,,3749.00 BRL,,in_stock,new,NEW IN,Ropa y accesorios > Prendas de vestir,,,,,new_in,,,,,ATEEN,https://www.ateen.com.br,https://ateen.zendesk.com/hc/pt-br/sections/360003548834-Troca-e-Devolu%C3%A7%C3%A3o,BR,BR,true,false,true
29249,,VESTIDO MALHA TULE,"Estampado com brilho sutil e drapeados no busto. Design contemporâneo que valoriza a silhueta com decote profundo em V, recorte frontal vazado e modelagem ajustada na cintura. O caimento leve da saia longa confere movimento elegante, tornando este vestido uma escolha sofisticada para festas, eventos noturnos e ocasiões especiais que pedem presença e feminilidade. Detalhes: Confeccionado em malha de tule estampada Tecido com leve brilho Decote profundo em V Recorte frontal com detalhe vazado Drapeados estratégicos no busto e na cintura Modelagem ajustada que valoriza a silhueta Saia longa com caimento fluido Ideal para festas, eventos e ocasiões especiais Coleção: ATEEN Verão 2027",https://www.ateen.com.br/vestido-malha-tule-04-18-0392/p?idsku=72594,ATEEN,https://ateen.vteximg.com.br/arquivos/ids/312945_2,,1629.00 BRL,,in_stock,new,NEW IN,Ropa y accesorios > Prendas de vestir,,,,,new_in,,,,,ATEEN,https://www.ateen.com.br,https://ateen.zendesk.com/hc/pt-br/sections/360003548834-Troca-e-Devolu%C3%A7%C3%A3o,BR,BR,true,false,true
29250,,JAQUETA PESPONTO SEDA,"Design contemporâneo e detalhes que fazem a diferença. Os pespontos aparentes percorrem a peça conferindo acabamento marcante, enquanto a gola padre e os bolsos frontais aplicados completam o visual com precisão. Versátil o suficiente para ser usada aberta sobre vestidos, regatas ou blusas, criando sobreposições elegantes e casuais ao mesmo tempo. Detalhes: Confeccionada em 100% seda Fechamento frontal por zíper Pespontos aparentes decorativos Bolsos frontais aplicados Gola padre Mangas longas com punhos ajustados Barra com acabamento em pespontos Modelagem confortável e sofisticada Coleção: ATEEN Verão 2027",https://www.ateen.com.br/jaqueta-pesponto-seda-01-05-0483/p?idsku=72548,ATEEN,https://ateen.vteximg.com.br/arquivos/ids/312897_2,,1579.00 BRL,,in_stock,new,NEW IN,Ropa y accesorios > Prendas de vestir,,,,,new_in,,,,,ATEEN,https://www.ateen.com.br,https://ateen.zendesk.com/hc/pt-br/sections/360003548834-Troca-e-Devolu%C3%A7%C3%A3o,BR,BR,true,false,true
29251,,BLUSA MALHA VIOLET,"Canelado macio com decote em V e ombros deslocados. A excelente elasticidade e o caimento leve garantem liberdade de movimento sem abrir mão do estilo. As mangas longas e os ombros levemente deslocados conferem um visual contemporâneo e despojado, tornando esta blusa uma peça versátil para compor produções casuais ou mais elaboradas em qualquer estação. Detalhes: Malha canelada com toque macio e agradável Decote em V Mangas longas Ombros levemente deslocados Modelagem ampla Excelente elasticidade Caimento leve e versátil Coleção: ATEEN Verão 2027",https://www.ateen.com.br/blusa-malha-violet-05-18-2157/p?idsku=72728,ATEEN,https://ateen.vteximg.com.br/arquivos/ids/315329_2,,419.00 BRL,,in_stock,new,NEW IN,Ropa y accesorios > Prendas de vestir,,,,,new_in,,,,,ATEEN,https://www.ateen.com.br,https://ateen.zendesk.com/hc/pt-br/sections/360003548834-Troca-e-Devolu%C3%A7%C3%A3o,BR,BR,true,false,true
29253,,CALÇA FRIDA,"Modelagem reta com caimento impecável, valorizando a silhueta de forma elegante e atemporal. Viscose com linho e toque de elastano garantem leveza, fluidez e conforto ao longo do dia. Os recortes frontais alongam a silhueta com refinamento, enquanto o design minimalista permite composições que transitam com naturalidade entre o casual chic e o clássico sofisticado. Combina com camisas, blusas, tricots e blazers para produções versáteis e atemporais. Detalhes: Modelagem reta Cós estruturado Recortes frontais que alongam e valorizam a silhueta Caimento confortável e sofisticado Design minimalista e atemporal Acabamento refinado Ideal para composições casuais e sociais Coleção: ATEEN Verão 2027",https://www.ateen.com.br/calca-frida-06-06-0151/p?idsku=72857,ATEEN,https://ateen.vteximg.com.br/arquivos/ids/313549_2,,789.00 BRL,,in_stock,new,NEW IN,Ropa y accesorios > Prendas de vestir,,,,,new_in,,,,,ATEEN,https://www.ateen.com.br,https://ateen.zendesk.com/hc/pt-br/sections/360003548834-Troca-e-Devolu%C3%A7%C3%A3o,BR,BR,true,false,true
29254,,BLUSA NEAT,"Pregas nos ombros criam volume leve e estrutura moderna em malha macia. Confeccionada em viscose com elastano, a modelagem reta garante caimento fluido e conforto ao longo do dia. O decote redondo e as mangas curtas amplas completam o design minimalista, tornando esta blusa uma peça versátil para composições que transitam do casual ao sofisticado com naturalidade. Detalhes: Malha de toque macio (96% viscose + 4% elastano) Modelagem reta com caimento fluido Decote redondo Pregas nos ombros com leve volume nas mangas Mangas curtas amplas Acabamento sofisticado Coleção: ATEEN Verão 2027",https://www.ateen.com.br/blusa-neat-05-19-0345/p?idsku=72756,ATEEN,https://ateen.vteximg.com.br/arquivos/ids/313369_2,,489.00 BRL,,in_stock,new,NEW IN,Ropa y accesorios > Prendas de vestir,,,,,new_in,,,,,ATEEN,https://www.ateen.com.br,https://ateen.zendesk.com/hc/pt-br/sections/360003548834-Troca-e-Devolu%C3%A7%C3%A3o,BR,BR,true,false,true
29255,,VESTIDO SEDA FAIXA TASSEL,"Seda pura com decote em V, faixa tassel e mangas amplas sem cava. A faixa com ponteiras em tassel marca a cintura com delicadeza, permitindo ajustar a silhueta sem perder a fluidez natural da seda. A saia longa acompanha o movimento do corpo com leveza, tornando esta peça ideal para jantares, eventos e produções refinadas que pedem elegância sem esforço. Detalhes: Vestido longo em seda Decote em V Mangas amplas sem cava Faixa para amarração na cintura Ponteiras em tassel Caimento fluido e leve Ideal para ocasiões especiais e produções elegantes Coleção: ATEEN Verão 2027",https://www.ateen.com.br/vestido-seda-faixa-tassel-04-20-1780/p?idsku=72634,ATEEN,https://ateen.vteximg.com.br/arquivos/ids/312983_2,,2399.00 BRL,,in_stock,new,NEW IN,Ropa y accesorios > Prendas de vestir,,,,,new_in,,,,,ATEEN,https://www.ateen.com.br,https://ateen.zendesk.com/hc/pt-br/sections/360003548834-Troca-e-Devolu%C3%A7%C3%A3o,BR,BR,true,false,true
29257,,RASTEIRA CAMURÇA ILHÓS,"Couro com acabamento camurça e ilhós metálicos em destaque. As aplicações de ilhós em diferentes tamanhos conferem personalidade e sofisticação a esta rasteira flat, tornando-a uma peça versátil para compor looks com vestidos, saias, jeans ou linho. O fechamento lateral por fivela ajustável garante encaixe preciso, enquanto a palmilha macia assegura conforto ao longo do dia — do urbano ao casual chic. Detalhes: Modelo rasteira feminina flat Confeccionada em couro com acabamento camurça Tiras cruzadas com aplicação de ilhós metálicos em diferentes tamanhos Fechamento lateral por fivela ajustável Palmilha macia Solado flat confortável Coleção: ATEEN Verão 2027",https://www.ateen.com.br/rasteira-camurca-ilhos-30-01-0030/p?idsku=72916,ATEEN,https://ateen.vteximg.com.br/arquivos/ids/313508_2,,999.00 BRL,,in_stock,new,NEW IN,Ropa y accesorios > Prendas de vestir,,,,,new_in,,,,,ATEEN,https://www.ateen.com.br,https://ateen.zendesk.com/hc/pt-br/sections/360003548834-Troca-e-Devolu%C3%A7%C3%A3o,BR,BR,true,false,true
29258,,CALÇA FLOCKING,"Efeito aveludado em relevo sobre modelagem jogger moderna. O tecido de poliamida com elastano garante leveza e mobilidade, enquanto o efeito flocking cria profundidade visual com textura macia ao toque. O cós com elástico e cordão ajustável e os punhos em elástico completam o design contemporâneo, tornando a peça versátil para composições casuais chic com camisas, blusas ou tricots. Detalhes: Modelagem jogger Estampa com acabamento flocking aveludado em relevo Cós com elástico e cordão para ajuste Punhos em elástico Acompanha forro shortinho Caimento leve e confortável Poliamida com elastano Coleção: ATEEN Verão 2027",https://www.ateen.com.br/calca-flocking-06-06-0153/p?idsku=72863,ATEEN,https://ateen.vteximg.com.br/arquivos/ids/313132_2,,979.00 BRL,,in_stock,new,NEW IN,Ropa y accesorios > Prendas de vestir,,,,,new_in,,,,,ATEEN,https://www.ateen.com.br,https://ateen.zendesk.com/hc/pt-br/sections/360003548834-Troca-e-Devolu%C3%A7%C3%A3o,BR,BR,true,false,true
29259,,VESTIDO SEDA BLACK COM FAIXA,"Seda pura com decote transpassado em V, mangas longas e saia em camadas. Confeccionado em 100% seda, este vestido longo feminino combina fluidez e sofisticação em cada detalhe. O decote transpassado valoriza a silhueta de forma delicada, enquanto as mangas longas com punhos em elástico adicionam volume e elegância. A faixa para amarração na cintura permite ajuste personalizado, realçando a feminilidade com naturalidade. A saia em camadas com comprimento alongado garante movimento e leveza, tornando esta peça chic ideal para eventos, festas e ocasiões especiais. Detalhes: Vestido confeccionado em 100% seda Decote transpassado em V Mangas longas com punhos em elástico Acompanha faixa para amarração na cintura Cintura marcada Saia longa em camadas com caimento fluido Modelagem elegante e confortável Ideal para eventos, festas e ocasiões especiais Coleção: ATEEN Verão 2027",https://www.ateen.com.br/vestido-seda-black-com-faixa-04-20-1783/p?idsku=72640,ATEEN,https://ateen.vteximg.com.br/arquivos/ids/314277_2,,3199.00 BRL,,in_stock,new,NEW IN,Ropa y accesorios > Prendas de vestir,,,,,new_in,,,,,ATEEN,https://www.ateen.com.br,https://ateen.zendesk.com/hc/pt-br/sections/360003548834-Troca-e-Devolu%C3%A7%C3%A3o,BR,BR,true,false,true
29260,,BLUSA SEDA BABADOS,"Seda pura com babados frontais, decote em V e mangas curtas delicadas. O caimento fluido da seda valoriza a silhueta enquanto os babados aplicados na frente conferem movimento e feminilidade à peça. As mangas curtas com acabamento em babados completam o visual com leveza, tornando esta blusa chic uma escolha versátil para composições sofisticadas no dia a dia ou em ocasiões especiais. Detalhes: Blusa confeccionada em seda Decote em V Babados aplicados na parte frontal Mangas curtas com acabamento em babados Modelagem leve e confortável Caimento fluido Coleção: ATEEN Verão 2027",https://www.ateen.com.br/blusa-seda-babados-05-19-0354/p?idsku=72760,ATEEN,https://ateen.vteximg.com.br/arquivos/ids/314282_2,,1399.00 BRL,,in_stock,new,NEW IN,Ropa y accesorios > Prendas de vestir,,,,,new_in,,,,,ATEEN,https://www.ateen.com.br,https://ateen.zendesk.com/hc/pt-br/sections/360003548834-Troca-e-Devolu%C3%A7%C3%A3o,BR,BR,true,false,true
29261,,CALÇA SEDA ESTAMPA LULANI,"Seda pura com estampa Lulani, caimento fluido e cintura alta. A inspiração no paisley se traduz em tons vibrantes e desenhos autorais que conferem personalidade marcante à peça. O cós com elástico nas costas garante ajuste confortável ao corpo, enquanto os bolsos frontais funcionais unem praticidade ao design sofisticado. Versátil o suficiente para transitar do casual ao elegante, do dia à noite. Detalhes: Modelagem reta com caimento fluido Estampa exclusiva Lulani com inspiração paisley Cintura alta Cós com elástico nas costas Bolsos frontais funcionais Tecido leve e sofisticado Coleção: ATEEN Verão 2027",https://www.ateen.com.br/calca-seda-estampa-lulani-06-10-0165/p?idsku=72867,ATEEN,https://ateen.vteximg.com.br/arquivos/ids/313141_2,,2689.00 BRL,,in_stock,new,NEW IN,Ropa y accesorios > Prendas de vestir,,,,,new_in,,,,,ATEEN,https://www.ateen.com.br,https://ateen.zendesk.com/hc/pt-br/sections/360003548834-Troca-e-Devolu%C3%A7%C3%A3o,BR,BR,true,false,true
29262,,BRINCO BIRDS - DOURADO - UN,"Argola dourada com corrente alongada e pingentes de pássaros cravejados. Design assimétrico e fluido que acompanha os movimentos com leveza e charme. O acabamento metálico dourado valoriza produções casuais e ocasiões especiais com igual sofisticação, tornando este brinco feminino longo uma peça versátil e de personalidade marcante. Detalhes: Brinco em metal com acabamento dourado Estrutura em argola Corrente alongada Pingentes de pássaros cravejados com brilho Design assimétrico e contemporâneo Fechamento por pino Leve e confortável Coleção: ATEEN Verão 2027",https://www.ateen.com.br/brinco-birds-02-01-0033/p?idsku=72556,ATEEN,https://ateen.vteximg.com.br/arquivos/ids/313478_2,,499.00 BRL,,in_stock,new,NEW IN,Ropa y accesorios > Prendas de vestir,,,,,new_in,,,,,ATEEN,https://www.ateen.com.br,https://ateen.zendesk.com/hc/pt-br/sections/360003548834-Troca-e-Devolu%C3%A7%C3%A3o,BR,BR,true,false,true
29263,,BLUSA DOLCE JACQUARD,"Texturizado com bordado guipir e efeito balonê. Design romântico e acabamento refinado, a blusa combina alças finas reguláveis com lastex nas costas para ajuste preciso ao corpo. O elástico na barra cria um efeito balonê sutil que moderniza a silhueta, tornando-a versátil para composições casuais elegantes ou produções mais elaboradas de verão. Detalhes: Confeccionada em tecido jacquard Bordado em guipir aplicado no decote Alças finas com regulagem Lastex nas costas para melhor ajuste Elástico na barra com efeito balonê Modelagem leve e confortável Coleção: ATEEN Verão 2027",https://www.ateen.com.br/blusa-dolce-jacquard-05-01-0483/p?idsku=72645,ATEEN,https://ateen.vteximg.com.br/arquivos/ids/312997_2,,469.00 BRL,,in_stock,new,NEW IN,Ropa y accesorios > Prendas de vestir,,,,,new_in,,,,,ATEEN,https://www.ateen.com.br,https://ateen.zendesk.com/hc/pt-br/sections/360003548834-Troca-e-Devolu%C3%A7%C3%A3o,BR,BR,true,false,true
29264,,BLUSA MALHA TWEED,"Texturizada com fios de lurex e brilho sutil. Modelagem ampla com decote em V e mangas 3/4 garantem caimento impecável e versatilidade real. Ideal para combinar com alfaiataria, jeans ou saias, transitando com naturalidade entre o casual chic e o elegante. O toque macio da malha torna a peça confortável para uso prolongado sem abrir mão da sofisticação. Detalhes: Malha com textura tweed Fios de lurex para brilho sutil Decote em V Mangas 3/4 Modelagem ampla Toque macio e caimento leve Coleção: ATEEN Verão 2027",https://www.ateen.com.br/blusa-malha-tweed-05-20-1128/p?idsku=72765,ATEEN,https://ateen.vteximg.com.br/arquivos/ids/313374_2,,669.00 BRL,,in_stock,new,NEW IN,Ropa y accesorios > Prendas de vestir,,,,,new_in,,,,,ATEEN,https://www.ateen.com.br,https://ateen.zendesk.com/hc/pt-br/sections/360003548834-Troca-e-Devolu%C3%A7%C3%A3o,BR,BR,true,false,true
29265,,BLUSA TQC SEDA ESTAMPA MAUVE LUREX,"Seda fluida com lurex, babado no busto e brilho sutil. O modelo tomara que caia combina leveza e feminilidade com um toque de brilho discreto. Os fios metalizados da estampa Mauve Lurex capturam a luz de forma sutil, elevando o visual sem exageros. O elástico superior garante conforto e segurança, enquanto a modelagem solta proporciona caimento leve tornando-a ideal para compor com calças, saias ou shorts de cintura alta em produções que transitam entre o resort chic e ocasiões especiais. Detalhes: Modelo tomara que caia Estampa Mauve exclusiva com fios de lurex Babado sobreposto no busto Elástico superior para melhor ajuste Modelagem solta e fluida Brilho sutil e acabamento sofisticado 97% seda, 3% poliéster Coleção: ATEEN Verão 2027",https://www.ateen.com.br/blusa-tqc-seda-estampa-mauve-lurex-05-06-0078/p?idsku=72650,ATEEN,https://ateen.vteximg.com.br/arquivos/ids/314182_2,,929.00 BRL,,in_stock,new,NEW IN,Ropa y accesorios > Prendas de vestir,,,,,new_in,,,,,ATEEN,https://www.ateen.com.br,https://ateen.zendesk.com/hc/pt-br/sections/360003548834-Troca-e-Devolu%C3%A7%C3%A3o,BR,BR,true,false,true
29266,,SANDÁLIA RASTEIRA SUMMER,"Tiras finas em couro com acabamento metalizado e fivela. O design minimalista e atemporal valoriza os pés com leveza, enquanto o fechamento ajustável no tornozelo garante segurança e melhor encaixe. A palmilha confortável e o solado leve tornam esta rasteira uma escolha versátil para o dia a dia, do casual ao sofisticado, combinando com vestidos, saias, shorts e calças leves. Detalhes: Tiras finas e delicadas Acabamento metalizado Fechamento por fivela ajustável no tornozelo Palmilha confortável Solado leve e resistente Design elegante e atemporal Coleção: ATEEN Verão 2027",https://www.ateen.com.br/sandalia-rasteira-summer-30-01-0031/p?idsku=72923,ATEEN,https://ateen.vteximg.com.br/arquivos/ids/313510_2,,919.00 BRL,,in_stock,new,NEW IN,Ropa y accesorios > Prendas de vestir,,,,,new_in,,,,,ATEEN,https://www.ateen.com.br,https://ateen.zendesk.com/hc/pt-br/sections/360003548834-Troca-e-Devolu%C3%A7%C3%A3o,BR,BR,true,false,true
29267,,BLUSA FELIX,"Listras de lurex em malha leve com brilho discreto e sutil. Design minimalista e caimento fluido que transitam com naturalidade entre o casual e o sofisticado. O decote redondo e as mangas longas conferem um acabamento atemporal, enquanto a modelagem reta permite combinações versáteis do jeans do dia a dia à alfaiataria mais estruturada. Uma blusa chic que entrega elegância descomplicada sem abrir mão do conforto. Detalhes: Malha leve de toque macio Fios de lurex com brilho discreto Padronagem de listras horizontais Modelagem reta com caimento fluido Decote redondo Mangas longas Design minimalista e sofisticado Coleção: ATEEN Verão 2027",https://www.ateen.com.br/blusa-felix-05-18-2040/p?idsku=72692,ATEEN,https://ateen.vteximg.com.br/arquivos/ids/313311_2,,299.00 BRL,,in_stock,new,NEW IN,Ropa y accesorios > Prendas de vestir,,,,,new_in,,,,,ATEEN,https://www.ateen.com.br,https://ateen.zendesk.com/hc/pt-br/sections/360003548834-Troca-e-Devolu%C3%A7%C3%A3o,BR,BR,true,false,true
29268,,BLUSA JULIA,"Textura com poá, babados delicados e entremeios vazados em blusa fluida. Design romântico e contemporâneo que combina detalhes artesanais com caimento leve. Os babados aplicados na parte frontal e nas mangas criam movimento e feminilidade, enquanto o decote em V valoriza a silhueta. Versátil o suficiente para transitar do casual chic às composições mais refinadas. Detalhes: Tecido texturizado com detalhes em poá Decote em V Babados aplicados na parte frontal e nas mangas Entremeios vazados Modelagem confortável com caimento fluido Acabamento sofisticado Coleção: ATEEN Verão 2027",https://www.ateen.com.br/blusa-julia-05-20-1129/p?idsku=72769,ATEEN,https://ateen.vteximg.com.br/arquivos/ids/313379_2,,529.00 BRL,,in_stock,new,NEW IN,Ropa y accesorios > Prendas de vestir,,,,,new_in,,,,,ATEEN,https://www.ateen.com.br,https://ateen.zendesk.com/hc/pt-br/sections/360003548834-Troca-e-Devolu%C3%A7%C3%A3o,BR,BR,true,false,true
29269,,BRINCO FISH - DOURADO - UN,"Argola dourada com pingente de peixe em relevo, leve e de personalidade. Design contemporâneo de inspiração marítima que adiciona movimento e charme ao visual. O acabamento dourado valoriza o pingente trabalhado em relevo, tornando este brinco uma peça boho chic capaz de compor desde produções casuais até looks mais elaborados com igual naturalidade. Detalhes: Brinco em metal com acabamento dourado Argola com pingente em formato de peixe Detalhes em relevo Fechamento por encaixe Design leve e confortável Coleção: ATEEN Verão 2027",https://www.ateen.com.br/brinco-fish-02-01-0034/p?idsku=72557,ATEEN,https://ateen.vteximg.com.br/arquivos/ids/313480_2,,439.00 BRL,,in_stock,new,NEW IN,Ropa y accesorios > Prendas de vestir,,,,,new_in,,,,,ATEEN,https://www.ateen.com.br,https://ateen.zendesk.com/hc/pt-br/sections/360003548834-Troca-e-Devolu%C3%A7%C3%A3o,BR,BR,true,false,true
29270,,BLUSA DOT,"Decote drapeado em cascata sobre malha ajustada ao corpo. O caimento fluido e a modelagem sem mangas valorizam o colo com delicadeza, tornando esta blusa uma escolha versátil para composições do dia à noite. Combina naturalmente com alfaiataria, saias estruturadas ou jeans, transitando entre o casual chic e o refinado sem esforço. Detalhes: Malha de viscose de toque macio Decote drapeado estilo cascata Modelagem ajustada ao corpo Sem mangas Caimento elegante e fluido Acabamento premium Coleção: ATEEN Verão 2027",https://www.ateen.com.br/blusa-dot-05-09-0018/p?idsku=72656,ATEEN,https://ateen.vteximg.com.br/arquivos/ids/313007_2,,599.00 BRL,,in_stock,new,NEW IN,Ropa y accesorios > Prendas de vestir,,,,,new_in,,,,,ATEEN,https://www.ateen.com.br,https://ateen.zendesk.com/hc/pt-br/sections/360003548834-Troca-e-Devolu%C3%A7%C3%A3o,BR,BR,true,false,true
29272,,BLUSA ELTON ROCK,"Estampa rock em algodão leve, modelagem clássica e toque macio. Confeccionada em 100% algodão, a peça une respirabilidade e conforto a uma proposta despojada com atitude. A estampa frontal inspirada no universo do rock traz personalidade sem abrir mão da versatilidade. Ideal para combinar com jeans, alfaiataria e peças em couro para composições urbanas e casuais com estilo próprio. Detalhes: Blusa feminina em 100% algodão Estampa frontal inspirada no universo do rock Modelagem clássica de camiseta Gola redonda Mangas curtas Tecido leve e respirável Toque macio e confortável Coleção: ATEEN Verão 2027",https://www.ateen.com.br/blusa-elton-rock-05-20-1130/p?idsku=72774,ATEEN,https://ateen.vteximg.com.br/arquivos/ids/313384_2,,549.00 BRL,,in_stock,new,NEW IN,Ropa y accesorios > Prendas de vestir,,,,,new_in,,,,,ATEEN,https://www.ateen.com.br,https://ateen.zendesk.com/hc/pt-br/sections/360003548834-Troca-e-Devolu%C3%A7%C3%A3o,BR,BR,true,false,true
29273,,BLUSA SABRINA,"Tricot texturizado com toque macio, caimento reto e mangas longas. Confeccionada em malha com textura delicadamente trabalhada, a peça une leveza e sofisticação em uma modelagem minimalista que se adapta a diferentes composições. O decote redondo reforça a proposta atemporal, enquanto o caimento leve ao corpo garante conforto sem abrir mão do refinamento. Versátil o suficiente para acompanhar jeans, alfaiataria, saias e sobreposições em ocasiões casuais ou mais elaboradas. Detalhes: Malha de tricot com textura diferenciada Toque macio e confortável Modelagem reta com caimento leve Decote redondo Mangas longas Design minimalista e atemporal Ideal para composições casuais e sofisticadas Coleção: ATEEN Verão 2027",https://www.ateen.com.br/blusa-sabrina-05-18-2067/p?idsku=72701,ATEEN,https://ateen.vteximg.com.br/arquivos/ids/313334_2,,429.00 BRL,,in_stock,new,NEW IN,Ropa y accesorios > Prendas de vestir,,,,,new_in,,,,,ATEEN,https://www.ateen.com.br,https://ateen.zendesk.com/hc/pt-br/sections/360003548834-Troca-e-Devolu%C3%A7%C3%A3o,BR,BR,true,false,true
29275,,BLUSA KISS,"Ideal para quem busca um visual moderno com inspiração no universo do rock. Confeccionada em malha de toque macio, a peça une conforto e personalidade em um único look. A gola redonda e as mangas longas reforçam a silhueta casual, enquanto a ilustração frontal traz o despojado do universo rock ao estilo urbano. Versátil, combina com jeans, alfaiataria leve, calças de couro ou saias para composições que transitam do casual ao urbano com facilidade. Detalhes: Modelagem reta e confortável Mangas longas Gola redonda Estampa frontal exclusiva com lettering ""KISS"" e ilustração de lábios Toque leve e agradável Coleção: ATEEN Verão 2027",https://www.ateen.com.br/blusa-kiss-05-18-2073/p?idsku=72705,ATEEN,https://ateen.vteximg.com.br/arquivos/ids/314372_2,,349.00 BRL,,in_stock,new,NEW IN,Ropa y accesorios > Prendas de vestir,,,,,new_in,,,,,ATEEN,https://www.ateen.com.br,https://ateen.zendesk.com/hc/pt-br/sections/360003548834-Troca-e-Devolu%C3%A7%C3%A3o,BR,BR,true,false,true
29276,,BLUSA 1 OMBRO TRICOT,"Tricot leve com decote assimétrico de um ombro só e acabamento dourado. Design assimétrico que valoriza a silhueta com delicadeza, sem abrir mão do conforto. A modelagem reta e o caimento fluido tornam esta blusa uma peça versátil, capaz de transitar do casual chic às composições mais sofisticadas, com alfaiataria, jeans ou saias. Detalhes: Confeccionada em tricot leve Toque macio e confortável Decote assimétrico de um ombro só Manga longa Modelagem reta Acabamento canelado no decote, punhos e barra Caimento leve e elegante Coleção: ATEEN Verão 2027",https://www.ateen.com.br/blusa-1-ombro-tricot-05-11-0039/p?idsku=72660,ATEEN,https://ateen.vteximg.com.br/arquivos/ids/313879_2,,1239.00 BRL,,in_stock,new,NEW IN,Ropa y accesorios > Prendas de vestir,,,,,new_in,,,,,ATEEN,https://www.ateen.com.br,https://ateen.zendesk.com/hc/pt-br/sections/360003548834-Troca-e-Devolu%C3%A7%C3%A3o,BR,BR,true,false,true
29277,,COLAR LONGO FISH - DOURADO - UN,"Corrente dourada com pingente articulado em formato de peixe e relevo. O movimento delicado do pingente articulado é o diferencial que torna este colar longo uma peça de personalidade. O acabamento dourado valoriza o design exclusivo, enquanto os detalhes em relevo conferem profundidade visual ao acessório. Versátil para compor desde produções casuais e boho até looks mais elaborados com toque artesanal. Detalhes: Colar longo em metal Corrente com acabamento dourado Pingente em formato de peixe Detalhes em relevo Pingente articulado com movimento Leve e confortável Coleção: ATEEN Verão 2027",https://www.ateen.com.br/colar-longo-fish-02-02-0048/p?idsku=72558,ATEEN,https://ateen.vteximg.com.br/arquivos/ids/313482_2,,719.00 BRL,,in_stock,new,NEW IN,Ropa y accesorios > Prendas de vestir,,,,,new_in,,,,,ATEEN,https://www.ateen.com.br,https://ateen.zendesk.com/hc/pt-br/sections/360003548834-Troca-e-Devolu%C3%A7%C3%A3o,BR,BR,true,false,true
29278,,BLUSA TRICOT B SUMMER,"Tricot leve com modelagem reta e gola redonda. Confeccionada em viscose com poliamida, a peça combina leveza e estrutura para um caimento elegante e confortável. A barra traseira levemente alongada com pequenas aberturas laterais adiciona movimento e modernidade ao visual, enquanto os punhos canelados garantem acabamento refinado. Versátil o suficiente para compor looks casuais com jeans ou produções mais elaboradas com alfaiataria e saias, transitando entre ocasiões com naturalidade. Detalhes: Confeccionada em tricot leve (67% viscose + 33% poliamida) Toque macio e confortável Gola redonda Manga longa Modelagem reta Punhos e barra em acabamento canelado Barra traseira levemente alongada com pequenas aberturas laterais Caimento elegante e versátil Coleção: ATEEN Verão 2027",https://www.ateen.com.br/blusa-tricot-b-summer-05-18-2165/p?idsku=72741,ATEEN,https://ateen.vteximg.com.br/arquivos/ids/313359_2,,649.00 BRL,,in_stock,new,NEW IN,Ropa y accesorios > Prendas de vestir,,,,,new_in,,,,,ATEEN,https://www.ateen.com.br,https://ateen.zendesk.com/hc/pt-br/sections/360003548834-Troca-e-Devolu%C3%A7%C3%A3o,BR,BR,true,false,true
29279,,COLAR ELEFANTE - DOURADO - UN,"Dourado com mix de berloques e pingente central marcante. Inspirado em símbolos de sorte e proteção, este colar reúne elementos decorativos como flor, chave, pingente em formato de presa e delicados detalhes pendentes que conferem movimento e exclusividade à peça. O design boho e o acabamento refinado tornam o acessório versátil para produções casuais ou sofisticadas. Use sozinho como protagonista ou combine em um mix de colares para um visual ainda mais autêntico. Detalhes: Colar longo em metal com acabamento dourado Pingente de elefante como destaque central Mix de berloques: flor, chave, formato de presa e detalhes ornamentais Design boho com acabamento refinado Ideal para uso individual ou em composições de colares Coleção: ATEEN Verão 2027",https://www.ateen.com.br/colar-elefante-02-02-0052/p?idsku=72562,ATEEN,https://ateen.vteximg.com.br/arquivos/ids/314554_2,,689.00 BRL,,in_stock,new,NEW IN,Ropa y accesorios > Prendas de vestir,,,,,new_in,,,,,ATEEN,https://www.ateen.com.br,https://ateen.zendesk.com/hc/pt-br/sections/360003548834-Troca-e-Devolu%C3%A7%C3%A3o,BR,BR,true,false,true
29280,,BATA FLOCKING,"Aveludado em relevo sobre tecido leve e fluido. A modelagem solta garante caimento confortável e despojado, enquanto o decote arredondado com pregas frontais adiciona movimento e feminilidade ao visual. As mangas longas com punhos em elástico criam um efeito levemente bufante, completando o design com elegância contemporânea. Versátil o suficiente para transitar entre produções casuais e sofisticadas, combina com calças de alfaiataria, jeans ou peças coordenadas para um look moderno e refinado. Detalhes: Tecido leve com estampa flocking Acabamento aveludado em relevo Modelagem solta Decote arredondado com pregas frontais Mangas longas com punhos em elástico Efeito levemente bufante nas mangas Acompanha forro Caimento fluido e confortável Coleção: ATEEN Verão 2027",https://www.ateen.com.br/bata-flocking-05-12-0969/p?idsku=72665,ATEEN,https://ateen.vteximg.com.br/arquivos/ids/313012_2,,519.00 BRL,,in_stock,new,NEW IN,Ropa y accesorios > Prendas de vestir,,,,,new_in,,,,,ATEEN,https://www.ateen.com.br,https://ateen.zendesk.com/hc/pt-br/sections/360003548834-Troca-e-Devolu%C3%A7%C3%A3o,BR,BR,true,false,true
29282,,COLAR MIX METAIS - OURO VELHO - UN,"Correntes em camadas com discos e mix de metais alongado. A combinação de diferentes tonalidades de metal cria um efeito contemporâneo e versátil, capaz de elevar produções básicas ou complementar looks mais elaborados com personalidade. O caimento leve e o movimento natural das correntes fazem desta peça um acessório de impacto com acabamento refinado, chic sem esforço. Detalhes: Colar longo em metal Mix de correntes em diferentes acabamentos metálicos Aplicações de discos metálicos Design em camadas com efeito alongado Acabamento sofisticado Proporciona movimento e brilho ao visual Versátil para produções casuais e sofisticadas Coleção: ATEEN Verão 2027",https://www.ateen.com.br/colar-mix-metais-02-02-0053/p?idsku=72563,ATEEN,https://ateen.vteximg.com.br/arquivos/ids/313489_2,,369.00 BRL,,in_stock,new,NEW IN,Ropa y accesorios > Prendas de vestir,,,,,new_in,,,,,ATEEN,https://www.ateen.com.br,https://ateen.zendesk.com/hc/pt-br/sections/360003548834-Troca-e-Devolu%C3%A7%C3%A3o,BR,BR,true,false,true
29283,,BLUSA BE TRICOT,"Tricot de toque macio com modelagem reta, gola redonda e mangas longas. Design atemporal que transita com facilidade entre o casual e o sofisticado. Os acabamentos canelados na gola, punhos e barra conferem refinamento à peça, enquanto o tricot leve garante leveza e conforto ao longo do dia. Versátil o suficiente para compor desde looks urbanos até produções mais elaboradas. Detalhes: Confeccionada em tricot leve Toque macio e confortável Gola redonda Manga longa Modelagem reta Acabamento canelado na gola, punhos e barra Caimento leve e elegante Coleção: ATEEN Verão 2027",https://www.ateen.com.br/blusa-be-tricot-05-18-2182/p?idsku=72753,ATEEN,https://ateen.vteximg.com.br/arquivos/ids/313054_2,,589.00 BRL,,in_stock,new,NEW IN,Ropa y accesorios > Prendas de vestir,,,,,new_in,,,,,ATEEN,https://www.ateen.com.br,https://ateen.zendesk.com/hc/pt-br/sections/360003548834-Troca-e-Devolu%C3%A7%C3%A3o,BR,BR,true,false,true
29284,,COLAR BIRDS - DOURADO - UN,"Corrente longa com pingentes de pássaros e acabamento dourado delicado. Inspirado na natureza, este colar combina leveza e personalidade em um design contemporâneo que adiciona movimento e charme a qualquer produção. Versátil o suficiente para uso individual ou em mix de colares, transita com naturalidade entre looks casuais e composições mais sofisticadas. Detalhes: Colar longo em metal com acabamento dourado Corrente com pingentes de pássaros distribuídos ao longo da peça Pingente central como elemento de destaque Design delicado e sofisticado Ideal para uso individual ou em mix de colares Versátil para produções casuais e elegantes Coleção: ATEEN Verão 2027",https://www.ateen.com.br/colar-birds-02-02-0050/p?idsku=72560,ATEEN,https://ateen.vteximg.com.br/arquivos/ids/313485_2,,699.00 BRL,,in_stock,new,NEW IN,Ropa y accesorios > Prendas de vestir,,,,,new_in,,,,,ATEEN,https://www.ateen.com.br,https://ateen.zendesk.com/hc/pt-br/sections/360003548834-Troca-e-Devolu%C3%A7%C3%A3o,BR,BR,true,false,true
29285,,BOLSA CAMURÇA COLORS - CARAMELO - UN,"Com tachas metálicas e pedrarias coloridas na frente. As aplicações artesanais conferem personalidade marcante a esta bolsa de inspiração boho, que equilibra textura, cor e sofisticação. A alça de ombro fixa garante praticidade no dia a dia, enquanto o compartimento interno espaçoso acomoda o essencial com conforto. Versátil o suficiente para transitar entre produções casuais e looks mais elaborados. Detalhes: Bolsa confeccionada em camurça Aplicações de tachas metálicas Pedrarias coloridas na parte frontal Alça de ombro fixa Fechamento com botão de imã na aba Compartimento interno espaçoso Design com inspiração boho Coleção: ATEEN Verão 2027",https://www.ateen.com.br/bolsa-camurca-colors-18-02-0005/p?idsku=72911,ATEEN,https://ateen.vteximg.com.br/arquivos/ids/313496_2,,2169.00 BRL,,in_stock,new,NEW IN,Ropa y accesorios > Prendas de vestir,,,,,new_in,,,,,ATEEN,https://www.ateen.com.br,https://ateen.zendesk.com/hc/pt-br/sections/360003548834-Troca-e-Devolu%C3%A7%C3%A3o,BR,BR,true,false,true
29286,,COLAR MIX BERLOQUES - DOURADO - UN,"Corrente dourada com berloques e pingente cravejado. Cada berloque adiciona movimento e personalidade à composição, tornando esta peça única entre os acessórios femininos. O pingente central com pedras cravejadas é o ponto focal de um design contemporâneo e sofisticado, versátil o suficiente para complementar produções do dia a dia ou ocasiões especiais. Use sozinho como destaque ou combine em um mix de colares para uma composição boho chic autêntica. Detalhes: Colar longo em metal Corrente com acabamento dourado Mix de berloques decorativos Pingente central cilíndrico com pedras cravejadas Acabamento refinado Ideal para uso individual ou em composições de colares Coleção: ATEEN Verão 2027",https://www.ateen.com.br/colar-mix-berloques-02-02-0051/p?idsku=72561,ATEEN,https://ateen.vteximg.com.br/arquivos/ids/313573_2,,679.00 BRL,,in_stock,new,NEW IN,Ropa y accesorios > Prendas de vestir,,,,,new_in,,,,,ATEEN,https://www.ateen.com.br,https://ateen.zendesk.com/hc/pt-br/sections/360003548834-Troca-e-Devolu%C3%A7%C3%A3o,BR,BR,true,false,true
29287,,BRACELETE DALLA - PRATA - UN,"Design rígido em metal com linhas orgânicas e pontas sobrepostas polidas. O detalhe de pontas sobrepostas confere personalidade e sofisticação a este bracelete metálico de acabamento polido. Leve e de modelagem ampla, adapta-se com facilidade a diferentes estilos ,do casual ao mais refinado podendo ser usado como peça única ou combinado com outros acessórios para um visual ainda mais marcante. Detalhes: Bracelete rígido feminino Design orgânico e contemporâneo Detalhe de pontas sobrepostas Acabamento polido Modelagem ampla e confortável Versátil para looks casuais e sofisticados Coleção: ATEEN Verão 2027",https://www.ateen.com.br/bracelete-dalla-02-04-0029/p?idsku=72564,ATEEN,https://ateen.vteximg.com.br/arquivos/ids/313492_2,,189.00 BRL,,in_stock,new,NEW IN,Ropa y accesorios > Prendas de vestir,,,,,new_in,,,,,ATEEN,https://www.ateen.com.br,https://ateen.zendesk.com/hc/pt-br/sections/360003548834-Troca-e-Devolu%C3%A7%C3%A3o,BR,BR,true,false,true
29288,,BOLSA COURO FRANJAS - ROSA ESCURO - UN,"Couro com franjas frontais e laterais de movimento natural. As franjas aplicadas na parte frontal e nas laterais conferem personalidade e leveza a esta bolsa de couro, tornando-a uma peça desejo para quem busca estilo sem abrir mão da praticidade. O compartimento interno amplo e a alça de ombro fixa garantem conforto no dia a dia, enquanto o fechamento com botão de imã mantém tudo seguro. Versátil o suficiente para elevar produções casuais ou compor looks mais elaborados com charme autêntico. Detalhes: Bolsa confeccionada em couro Franjas aplicadas na parte frontal e nas laterais Alça de ombro fixa Compartimento interno amplo Fechamento com botão de imã interno Design inspirado no estilo boho chic Acabamento sofisticado Coleção: ATEEN Verão 2027",https://www.ateen.com.br/bolsa-couro-franjas-18-02-0006/p?idsku=72912,ATEEN,https://ateen.vteximg.com.br/arquivos/ids/313499_2,,1829.00 BRL,,in_stock,new,NEW IN,Ropa y accesorios > Prendas de vestir,,,,,new_in,,,,,ATEEN,https://www.ateen.com.br,https://ateen.zendesk.com/hc/pt-br/sections/360003548834-Troca-e-Devolu%C3%A7%C3%A3o,BR,BR,true,false,true
29289,,CINTO CORRENTE CASHMERE,"Medalhões em relevo cashmere com acabamento metálico envelhecido. O fechamento ajustável por gancho permite diferentes formas de uso, valorizando a silhueta com um toque refinado e atemporal. Peça chic que eleva produções do dia a dia e ocasiões especiais, combinando com vestidos, camisas, tricots e alfaiataria com igual naturalidade. Detalhes: Cinto em corrente metálica Medalhões com relevo inspirado na padronagem cashmere Acabamento metálico envelhecido Fechamento ajustável por gancho Pode ser usado na cintura ou cintura alta Leve e confortável Coleção: ATEEN Verão 2027",https://www.ateen.com.br/cinto-corrente-cashmere-21-02-0028/p?idsku=72913,ATEEN,https://ateen.vteximg.com.br/arquivos/ids/313835_2,,759.00 BRL,,in_stock,new,NEW IN,Ropa y accesorios > Prendas de vestir,,,,,new_in,,,,,ATEEN,https://www.ateen.com.br,https://ateen.zendesk.com/hc/pt-br/sections/360003548834-Troca-e-Devolu%C3%A7%C3%A3o,BR,BR,true,false,true
29291,,SAIA BORDADO NYRA,"Floral em relevo sobre transparência midi e fluida. Modelagem reta e comprimento midi conferem leveza e sofisticação a esta peça chic, ideal para compor produções elegantes em diversas ocasiões. O cós confortável garante ajuste preciso ao corpo, enquanto o tecido transparente com bordado em relevo adiciona textura e refinamento ao visual. Combina com blusas em tecidos leves ou camisas para um look boho sofisticado do dia à noite. Detalhes: Tecido transparente com bordado floral em relevo Comprimento midi Modelagem reta e fluida Cós confortável Caimento leve e elegante Acabamento premium Coleção: ATEEN Verão 2027",https://www.ateen.com.br/saia-bordado-nyra-09-08-1180/p?idsku=72873,ATEEN,https://ateen.vteximg.com.br/arquivos/ids/313463_2,,1119.00 BRL,,in_stock,new,NEW IN,Ropa y accesorios > Prendas de vestir,,,,,new_in,,,,,ATEEN,https://www.ateen.com.br,https://ateen.zendesk.com/hc/pt-br/sections/360003548834-Troca-e-Devolu%C3%A7%C3%A3o,BR,BR,true,false,true
29292,,BLUSA CANELADA,"Malha canelada macia com decote canoa, modelagem ajustada e manga longa. O algodão 100% garante leveza e conforto ao longo do dia, enquanto o caimento ajustado valoriza a silhueta sem apertar. O decote canoa confere elegância atemporal, tornando esta blusa básica feminina uma peça-chave para composições com alfaiataria, jeans ou sobreposições. Versátil o suficiente para transitar entre o casual e o sofisticado com naturalidade. Detalhes: Blusa confeccionada em malha canelada Modelagem ajustada ao corpo Decote canoa Mangas longas Toque macio e confortável Caimento que valoriza a silhueta Design básico e versátil Coleção: ATEEN Verão 2027",https://www.ateen.com.br/blusa-canelada-05-18-2178/p?idsku=72961,ATEEN,https://ateen.vteximg.com.br/arquivos/ids/313610_2,,399.00 BRL,,in_stock,new,NEW IN,Ropa y accesorios > Prendas de vestir,,,,,new_in,,,,,ATEEN,https://www.ateen.com.br,https://ateen.zendesk.com/hc/pt-br/sections/360003548834-Troca-e-Devolu%C3%A7%C3%A3o,BR,BR,true,false,true
29293,,BLUSA TRICOT GOLA ALTA,"Tricot macio com gola alta delicada, mangas longas e acabamento canelado. Modelagem levemente ampla com ombros deslocados garante caimento elegante e conforto ao longo do dia. O acabamento canelado na barra e nos punhos confere um toque sofisticado que transita com facilidade entre composições casuais e mais elaboradas, seja com jeans, alfaiataria ou saias. Uma peça boho chic de presença discreta e versatilidade real. Detalhes: Blusa confeccionada em tricot Gola alta baixa e confortável Mangas longas Ombros levemente deslocados Acabamento canelado na barra e nos punhos Toque macio e caimento elegante Ideal para composições casuais e sofisticadas Coleção: ATEEN Verão 2027",https://www.ateen.com.br/blusa-tricot-gola-alta-05-18-2188/p?idsku=72977,ATEEN,https://ateen.vteximg.com.br/arquivos/ids/315157_2,,609.00 BRL,,in_stock,new,NEW IN,Ropa y accesorios > Prendas de vestir,,,,,new_in,,,,,ATEEN,https://www.ateen.com.br,https://ateen.zendesk.com/hc/pt-br/sections/360003548834-Troca-e-Devolu%C3%A7%C3%A3o,BR,BR,true,false,true
29294,,SANDÁLIA ANABELA TRESSÊ,"Artesanal reveste o salto e o detalhe central. O cabedal em tiras finas ganha personalidade pelo acabamento tramado, que confere charme artesanal sem abrir mão da elegância. A amarração no tornozelo garante ajuste seguro e toque feminino, enquanto o bico redondo atualiza a silhueta com um corte contemporâneo. Versátil o suficiente para transitar entre produções casuais refinadas e ocasiões especiais. Detalhes: Salto anabela revestido em tressê Cabedal com tiras finas Detalhe central tramado Amarração no tornozelo Bico redondo Couro premium Coleção: ATEEN Verão 2027",https://www.ateen.com.br/sandalia-anabela-tresse-30-02-0008/p?idsku=73013,ATEEN,https://ateen.vteximg.com.br/arquivos/ids/313688_2,,1189.00 BRL,,in_stock,new,NEW IN,Ropa y accesorios > Prendas de vestir,,,,,new_in,,,,,ATEEN,https://www.ateen.com.br,https://ateen.zendesk.com/hc/pt-br/sections/360003548834-Troca-e-Devolu%C3%A7%C3%A3o,BR,BR,true,false,true
29295,,SHORT TWEED PURPLE,"Tweed encorpado em roxo e off-white com caimento estruturado. Modelagem de cintura média com bolsos laterais funcionais que equilibram praticidade e sofisticação. O tecido texturizado confere personalidade ao visual, tornando este short chic uma peça versátil para composições elegantes, seja em conjunto com o Casaco Tweed Purple ou combinado com tricôs, camisas e blusas para diferentes ocasiões. Detalhes: Short confeccionado em tweed Padronagem em tons de roxo e off-white Modelagem de alfaiataria Cintura média Bolsos laterais funcionais Caimento estruturado e sofisticado Coleção: ATEEN Verão 2027",https://www.ateen.com.br/short-tweed-purple-07-05-0044/p?idsku=73006,ATEEN,https://ateen.vteximg.com.br/arquivos/ids/313676_2,,629.00 BRL,,in_stock,new,NEW IN,Ropa y accesorios > Prendas de vestir,,,,,new_in,,,,,ATEEN,https://www.ateen.com.br,https://ateen.zendesk.com/hc/pt-br/sections/360003548834-Troca-e-Devolu%C3%A7%C3%A3o,BR,BR,true,false,true
29296,,BLUSA MALHA COM RECORTE,"Macia, ampla e com recorte nos ombros deslocados. Design minimalista e ombros levemente deslocados conferem contemporaneidade a esta blusa casual chic. O caimento leve favorece composições variadas de jeans a alfaiataria, passando por peças em linho tornando-a um curinga versátil para o dia a dia urbano e sofisticado. Detalhes: Confeccionada em malha de toque macio Modelagem ampla Decote redondo Recorte nos ombros Mangas amplas de comprimento médio Ombros levemente deslocados Caimento leve e confortável Acabamento minimalista Coleção: ATEEN Verão 2027",https://www.ateen.com.br/blusa-malha-com-recorte-05-20-1138/p?idsku=72992,ATEEN,https://ateen.vteximg.com.br/arquivos/ids/313650_2,,399.00 BRL,,in_stock,new,NEW IN,Ropa y accesorios > Prendas de vestir,,,,,new_in,,,,,ATEEN,https://www.ateen.com.br,https://ateen.zendesk.com/hc/pt-br/sections/360003548834-Troca-e-Devolu%C3%A7%C3%A3o,BR,BR,true,false,true
29297,,BLUSA CANOA TRICOT,"Tricot macio com decote canoa, mangas longas e ribana. Modelagem reta e levemente solta ao corpo, esta blusa une conforto e sofisticação com naturalidade. O decote canoa confere elegância discreta, enquanto os acabamentos em ribana na gola, punhos e barra garantem caimento limpo e durabilidade. Versátil o suficiente para compor looks com alfaiataria, jeans ou saias, transitando do casual ao elegante com facilidade. Detalhes: Modelagem reta, levemente solta ao corpo Decote canoa Mangas longas Acabamento em ribana na gola, punhos e barra Toque macio e confortável Caimento leve e sofisticado Coleção: ATEEN Verão 2027",https://www.ateen.com.br/blusa-canoa-tricot-05-18-2189/p?idsku=72985,ATEEN,https://ateen.vteximg.com.br/arquivos/ids/313640_2,,589.00 BRL,,in_stock,new,NEW IN,Ropa y accesorios > Prendas de vestir,,,,,new_in,,,,,ATEEN,https://www.ateen.com.br,https://ateen.zendesk.com/hc/pt-br/sections/360003548834-Troca-e-Devolu%C3%A7%C3%A3o,BR,BR,true,false,true
29298,,CLUTCH METAL,"Acabamento metálico de alto brilho em design estruturado e arredondado. Compacta e sofisticada, esta clutch reúne glamour e funcionalidade em uma peça que eleva qualquer produção noturna. O fechamento superior por encaixe garante praticidade, enquanto o formato arredondado confere modernidade ao visual. Ideal para casamentos, formaturas e eventos especiais, combina com vestidos, alfaiataria e looks noturnos com igual elegância. Detalhes: Clutch em acabamento metálico de alto brilho Design estruturado com formato arredondado Fechamento superior por encaixe Interior compacto para os itens essenciais Acabamento sofisticado e resistente Ideal para festas, casamentos, formaturas e eventos especiais Combina com vestidos, alfaiataria e produções noturnas Coleção: ATEEN Verão 2027",https://www.ateen.com.br/clutch-metal-18-03-0025/p?idsku=73008,ATEEN,https://ateen.vteximg.com.br/arquivos/ids/313680_2,,729.00 BRL,,in_stock,new,NEW IN,Ropa y accesorios > Prendas de vestir,,,,,new_in,,,,,ATEEN,https://www.ateen.com.br,https://ateen.zendesk.com/hc/pt-br/sections/360003548834-Troca-e-Devolu%C3%A7%C3%A3o,BR,BR,true,false,true
29299,,BLUSA TRICOT DETALHE PUNHO,"Canelado ajustado ao corpo com abertura nos punhos e decote em V. O detalhe de abertura nos punhos é o que transforma esta blusa de tricot em uma peça contemporânea e refinada. A modelagem ajustada valoriza a silhueta sem abrir mão do conforto, enquanto o tecido canelado em viscose com elastano garante toque macio e caimento preciso. Versátil o suficiente para compor desde looks casuais com jeans até produções mais elaboradas com alfaiataria ou saias. Detalhes: Blusa em tricot canelado Modelagem ajustada ao corpo Decote em V Mangas longas com abertura nos punhos Toque macio e confortável Caimento que valoriza a silhueta Coleção: ATEEN Verão 2027",https://www.ateen.com.br/blusa-tricot-detalhe-punho-05-18-2186/p?idsku=72969,ATEEN,https://ateen.vteximg.com.br/arquivos/ids/313620_2,,599.00 BRL,,in_stock,new,NEW IN,Ropa y accesorios > Prendas de vestir,,,,,new_in,,,,,ATEEN,https://www.ateen.com.br,https://ateen.zendesk.com/hc/pt-br/sections/360003548834-Troca-e-Devolu%C3%A7%C3%A3o,BR,BR,true,false,true
29300,,BLUSA BALONÊ,"Malha de algodão com modelagem ampla, barra balonê e gola redonda clean. O acabamento balonê na barra é o detalhe que transforma o básico em peça de personalidade. Confeccionada em 100% algodão de toque macio, a blusa oferece leveza e conforto sem abrir mão do estilo. Versátil o suficiente para compor looks casuais com jeans ou combinações mais sofisticadas com alfaiataria e saias. Detalhes: Blusa em malha de algodão Modelagem ampla Gola redonda Mangas curtas amplas Barra com acabamento balonê Toque macio e caimento confortável Design minimalista e versátil Coleção: ATEEN Verão 2027",https://www.ateen.com.br/blusa-balone-05-20-1141/p?idsku=72995,ATEEN,https://ateen.vteximg.com.br/arquivos/ids/313655_2,,319.00 BRL,,in_stock,new,NEW IN,Ropa y accesorios > Prendas de vestir,,,,,new_in,,,,,ATEEN,https://www.ateen.com.br,https://ateen.zendesk.com/hc/pt-br/sections/360003548834-Troca-e-Devolu%C3%A7%C3%A3o,BR,BR,true,false,true
29301,,CALÇA DETALHE CINTURA,"Pala sobreposta na cintura com botões revestidos e modelagem reta. Alfaiataria contemporânea de caimento impecável, esta calça une sofisticação e versatilidade em uma peça que transita com naturalidade do ambiente de trabalho às ocasiões mais especiais. O detalhe construtivo da cintura confere exclusividade ao design, enquanto o tecido de toque suave garante conforto ao longo do dia. Combina com facilidade com camisas, blusas e blazers para produções refinadas e atemporais. Detalhes: Modelagem reta Pala sobreposta na cintura Botões revestidos como detalhe de acabamento Fechamento frontal Bolsos laterais funcionais Tecido de toque suave com caimento elegante Coleção: ATEEN Verão 2027",https://www.ateen.com.br/calca-detalhe-cintura-06-06-0160/p?idsku=73001,ATEEN,https://ateen.vteximg.com.br/arquivos/ids/313663_2,,989.00 BRL,,in_stock,new,NEW IN,Ropa y accesorios > Prendas de vestir,,,,,new_in,,,,,ATEEN,https://www.ateen.com.br,https://ateen.zendesk.com/hc/pt-br/sections/360003548834-Troca-e-Devolu%C3%A7%C3%A3o,BR,BR,true,false,true
29302,,BLUSA TRICOT DECOTE V,"Tricot macio em modelagem reta com decote em V e barra ampla refinada. O decote em V valoriza a silhueta e traz feminilidade ao visual sem esforço. As mangas longas e o acabamento da barra conferem modernidade a uma peça atemporal, que transita com facilidade entre alfaiataria, jeans e saias indo do casual ao sofisticado, sempre com caimento leve e elegante. Detalhes: Modelagem reta Decote em V Mangas longas Barra ampla com acabamento refinado Toque macio e confortável Caimento leve e elegante Coleção: ATEEN Verão 2027",https://www.ateen.com.br/blusa-tricot-decote-v-05-18-2187/p?idsku=72973,ATEEN,https://ateen.vteximg.com.br/arquivos/ids/313625_2,,609.00 BRL,,in_stock,new,NEW IN,Ropa y accesorios > Prendas de vestir,,,,,new_in,,,,,ATEEN,https://www.ateen.com.br,https://ateen.zendesk.com/hc/pt-br/sections/360003548834-Troca-e-Devolu%C3%A7%C3%A3o,BR,BR,true,false,true
29303,,REGATA BAS,"Malha canelada com toque macio, modelagem reta e gola alta arredondada. Confeccionada em viscose com elastano, a peça oferece caimento leve e conforto ao longo do dia. A gola alta arredondada confere um visual clean e sofisticado, tornando esta regata igualmente eficiente como peça principal de um look casual ou como base para sobreposições boho e urbanas. Detalhes: Regata em malha canelada Modelagem reta Gola alta arredondada Sem mangas Toque macio e caimento leve Versátil para usar sozinha ou em sobreposições Coleção: ATEEN Verão 2027",https://www.ateen.com.br/regata-bas-05-14-1185/p?idsku=72953,ATEEN,https://ateen.vteximg.com.br/arquivos/ids/313601_2,,379.00 BRL,,in_stock,new,NEW IN,Ropa y accesorios > Prendas de vestir,,,,,new_in,,,,,ATEEN,https://www.ateen.com.br,https://ateen.zendesk.com/hc/pt-br/sections/360003548834-Troca-e-Devolu%C3%A7%C3%A3o,BR,BR,true,false,true
29304,,CINTO METAL MOLA,"Estrutura flexível em mola com fivela oval dourada de acabamento polido. A fivela oval de acabamento dourado polido é o detalhe que eleva qualquer composição. Versátil o suficiente para marcar a cintura em vestidos, blusas, camisas ou peças de alfaiataria, este cinto metálico transita com naturalidade entre o casual chic e o sofisticado, adicionando personalidade sem esforço. Detalhes: Cinto metálico com estrutura flexível em mola Fivela oval com acabamento dourado polido Ajuste confortável ao corpo Design moderno e sofisticado Ideal para marcar a cintura Versátil para vestidos, blazers, camisas e peças de alfaiataria Coleção: ATEEN Verão 2027",https://www.ateen.com.br/cinto-metal-mola-21-02-0029/p?idsku=73011,ATEEN,https://ateen.vteximg.com.br/arquivos/ids/315459_2,,369.00 BRL,,in_stock,new,NEW IN,Ropa y accesorios > Prendas de vestir,,,,,new_in,,,,,ATEEN,https://www.ateen.com.br,https://ateen.zendesk.com/hc/pt-br/sections/360003548834-Troca-e-Devolu%C3%A7%C3%A3o,BR,BR,true,false,true
29305,,BLUSA BASIC BALLON,"Malha de toque macio em modelagem ampla com acabamento balonê na barra. A barra balonê cria volume sutil que moderniza o básico sem abrir mão da leveza. Confeccionada em algodão com toque suave, a peça combina conforto e estilo casual para composições com jeans, alfaiataria ou saias do urbano ao despojado. Detalhes: Blusa em malha de algodão Modelagem ampla Gola redonda Mangas curtas Barra com acabamento balonê Toque macio e caimento confortável Coleção: ATEEN Verão 2027",https://www.ateen.com.br/blusa-basic-ballon-05-20-1143/p?idsku=72998,ATEEN,https://ateen.vteximg.com.br/arquivos/ids/313658_2,,319.00 BRL,,in_stock,new,NEW IN,Ropa y accesorios > Prendas de vestir,,,,,new_in,,,,,ATEEN,https://www.ateen.com.br,https://ateen.zendesk.com/hc/pt-br/sections/360003548834-Troca-e-Devolu%C3%A7%C3%A3o,BR,BR,true,false,true
29306,,CAMISA JEANS SUMMER,"Lavagem escura em algodão com botões metálicos e punho ajustável. Corte confortável e gola tradicional tornam esta camisa denim uma peça de múltiplas possibilidades: usada fechada para um visual mais estruturado ou aberta como sobreposição boho sobre vestidos, calças e macacões. O punho ajustável refina o acabamento e amplia as combinações do casual ao elegante. Detalhes: Jeans de lavagem escura em 100% algodão Gola tradicional Fechamento frontal por botões de pressão metálicos Bolsos frontais com lapela e botão Manga longa com punho ajustável Modelagem confortável Uso versátil: camisa ou sobreposição Coleção: ATEEN Verão 2027",https://www.ateen.com.br/camisa-jeans-summer-01-01-0129/p?idsku=72935,ATEEN,https://ateen.vteximg.com.br/arquivos/ids/313576_2,,729.00 BRL,,in_stock,new,NEW IN,Ropa y accesorios > Prendas de vestir,,,,,new_in,,,,,ATEEN,https://www.ateen.com.br,https://ateen.zendesk.com/hc/pt-br/sections/360003548834-Troca-e-Devolu%C3%A7%C3%A3o,BR,BR,true,false,true
29307,,CASACO TWEED PURPLE,"Tweed encorpado roxo e off-white, corte reto estruturado. A gola careca e o fechamento por botões metálicos conferem acabamento clássico e refinado a este casaco chic que eleva qualquer produção. Versátil como terceira peça, transita com naturalidade entre alfaiataria, jeans e vestidos, tornando-se uma escolha atemporal para o guarda-roupa feminino. Detalhes: Casaco confeccionado em tweed Padronagem em tons de roxo e off-white Modelagem reta Gola careca Fechamento frontal por botões metálicos Bolsos frontais decorativos Mangas longas Caimento estruturado e sofisticado Coleção: ATEEN Verão 2027",https://www.ateen.com.br/casaco-tweed-purple-01-04-0080/p?idsku=72946,ATEEN,https://ateen.vteximg.com.br/arquivos/ids/313696_2,,1189.00 BRL,,in_stock,new,NEW IN,Ropa y accesorios > Prendas de vestir,,,,,new_in,,,,,ATEEN,https://www.ateen.com.br,https://ateen.zendesk.com/hc/pt-br/sections/360003548834-Troca-e-Devolu%C3%A7%C3%A3o,BR,BR,true,false,true
29308,,BLAZER,"Estruturado em tecido estruturado, corte amplo e bolsos utilitários. Design contemporâneo que equilibra elegância e funcionalidade. A modelagem levemente ampla e a gola clássica garantem caimento sofisticado, enquanto os bolsos frontais utilitários e o bolso superior aplicado adicionam um toque moderno à silhueta. Em tom neutro, transita com facilidade entre alfaiataria, jeans e vestidos tornando-se uma terceira peça chic para múltiplas ocasiões. Detalhes: Modelagem levemente ampla Gola tradicional Fechamento frontal por botões Bolsos frontais utilitários Bolso superior aplicado Manga longa Tecido estruturado em 54% algodão + 46% lyocell Forro em 100% poliéster Coleção: ATEEN Verão 2027",https://www.ateen.com.br/blazer-01-03-0124/p?idsku=72940,ATEEN,https://ateen.vteximg.com.br/arquivos/ids/313581_2,,1429.00 BRL,,in_stock,new,NEW IN,Ropa y accesorios > Prendas de vestir,,,,,new_in,,,,,ATEEN,https://www.ateen.com.br,https://ateen.zendesk.com/hc/pt-br/sections/360003548834-Troca-e-Devolu%C3%A7%C3%A3o,BR,BR,true,false,true
29309,,CASACO TRENCH,"Fechamento transpassado e lapela frontal em tecido estruturado. O tecido estruturado garante caimento impecável, enquanto os martingales nos ombros e os punhos ajustáveis adicionam personalidade ao visual. Versátil o suficiente para elevar produções casuais ou de alfaiataria, este casaco chic transita com facilidade entre estações e ocasiões. Detalhes: Casaco estilo trench coat feminino Modelagem levemente ampla Fechamento transpassado com botões duplos Gola com lapela frontal Martingales nos ombros Mangas longas com punhos ajustáveis Caimento estruturado e elegante Ideal para sobreposições sofisticadas Coleção: ATEEN Verão 2027",https://www.ateen.com.br/casaco-trench-01-04-0079/p?idsku=72943,ATEEN,https://ateen.vteximg.com.br/arquivos/ids/313761_2,,1169.00 BRL,,in_stock,new,NEW IN,Ropa y accesorios > Prendas de vestir,,,,,new_in,,,,,ATEEN,https://www.ateen.com.br,https://ateen.zendesk.com/hc/pt-br/sections/360003548834-Troca-e-Devolu%C3%A7%C3%A3o,BR,BR,true,false,true
29310,,CALÇA BASIC INA,"Modelagem reta em blend de linho, seda e viscose com caimento fluido. Tecido leve que combina o frescor do linho com a fluidez da viscose e o toque acetinado da seda. O cós com elástico e o cordão de ajuste com ponteiras metálicas garantem conforto sem abrir mão do refinamento. Os bolsos laterais funcionais tornam esta calça versátil para composições casuais ou produções mais sofisticadas com camisas, blusas e batas. Detalhes: Modelagem reta Cintura média Cós com elástico Ajuste por cordão com ponteiras metálicas Bolsos laterais funcionais Caimento leve e fluido Coleção: ATEEN Verão 2027",https://www.ateen.com.br/calca-basic-ina-06-10-0163/p?idsku=73029,ATEEN,https://ateen.vteximg.com.br/arquivos/ids/313672_2,,1489.00 BRL,,in_stock,new,NEW IN,Ropa y accesorios > Prendas de vestir,,,,,new_in,,,,,ATEEN,https://www.ateen.com.br,https://ateen.zendesk.com/hc/pt-br/sections/360003548834-Troca-e-Devolu%C3%A7%C3%A3o,BR,BR,true,false,true
29311,,CASACO METAL TRICOT,"Trama aberta com fios metalizados e modelagem alongada. Fios metalizados integrados ao tricô criam um efeito luminoso sutil e sem exageros trazendo sofisticação que se adapta a diferentes produções. A modelagem alongada garante leveza e movimento, tornando este casaco ideal para sobrepor vestidos, regatas ou peças de alfaiataria em ocasiões casuais ou mais elaboradas. Detalhes: Casaco em tricô com fios metalizados Trama aberta com efeito leve e fluido Modelagem alongada Frente aberta, sem fechamento Mangas longas Toque macio e confortável Ideal para sobreposições elegantes Coleção: ATEEN Verão 2027",https://www.ateen.com.br/casaco-metal-tricot-01-05-0487/p?idsku=73037,ATEEN,https://ateen.vteximg.com.br/arquivos/ids/313869_2,,1449.00 BRL,,in_stock,new,NEW IN,Ropa y accesorios > Prendas de vestir,,,,,new_in,,,,,ATEEN,https://www.ateen.com.br,https://ateen.zendesk.com/hc/pt-br/sections/360003548834-Troca-e-Devolu%C3%A7%C3%A3o,BR,BR,true,false,true
29312,,BATA LISTRAS PAETÊ,"Delicadas listras verticais em paetês proporcionando um brilho sutil e sofisticado. Mangas longas levemente bufantes com punhos em elástico conferem movimento e acabamento feminino à peça. O decote arredondado equilibra a silhueta com elegância despojada, tornando esta bata chic uma escolha versátil para compor com calças de alfaiataria, jeans ou saias do casual sofisticado a ocasiões especiais. Detalhes: Tecido leve com toque suave Listras verticais em paetês Modelagem solta Decote arredondado Mangas longas levemente bufantes Punhos com elástico Caimento fluido e confortável Coleção: ATEEN Verão 2027",https://www.ateen.com.br/bata-listras-paete-05-18-2151/p?idsku=73039,ATEEN,https://ateen.vteximg.com.br/arquivos/ids/313967_2,,1349.00 BRL,,in_stock,new,NEW IN,Ropa y accesorios > Prendas de vestir,,,,,new_in,,,,,ATEEN,https://www.ateen.com.br,https://ateen.zendesk.com/hc/pt-br/sections/360003548834-Troca-e-Devolu%C3%A7%C3%A3o,BR,BR,true,false,true
29313,,CALÇA BORDADA GERBRA,"Bordado geométrico vazado em tecido leve de viscose com caimento reto. O exclusivo bordado vazado agrega textura e acabamento refinado ao visual, enquanto a modelagem reta garante fluidez e conforto ao longo do dia. O cós com elástico oferece ajuste preciso sem abrir mão da praticidade, e o forro interno preserva a leveza da peça. Versátil o suficiente para compor um conjunto sofisticado com a Camisa Bordada Gerbra ou para combinar com peças lisas em produções casuais e atemporais. Detalhes: Modelagem reta Bordado geométrico vazado exclusivo Cós com elástico Forro interno Tecido leve com caimento fluido Acabamento sofisticado Coleção: ATEEN Verão 2027",https://www.ateen.com.br/calca-bordada-gerbra-06-06-0150/p?idsku=73096,ATEEN,https://ateen.vteximg.com.br/arquivos/ids/314126_2,,719.00 BRL,,in_stock,new,NEW IN,Ropa y accesorios > Prendas de vestir,,,,,new_in,,,,,ATEEN,https://www.ateen.com.br,https://ateen.zendesk.com/hc/pt-br/sections/360003548834-Troca-e-Devolu%C3%A7%C3%A3o,BR,BR,true,false,true
29314,,SAIA SEDA ESTAMPA SERENA LUREX,"Seda floral com fios de lurex e caimento longo fluido. A leveza da seda se combina ao brilho sutil dos fios de lurex para criar uma peça de feminilidade atemporal. O cós com elástico garante conforto e ajuste preciso, enquanto a modelagem longa valoriza a silhueta com elegância despojada. Versátil para composições sofisticadas com peças lisas ou em conjunto com a Blusa Seda Estampa Serena Lurex para um visual harmonioso e chic. Detalhes: Modelagem longa Estampa floral Serena com fios de lurex Cós com elástico Caimento leve e fluido Acabamento sofisticado Coleção: ATEEN Verão 2027",https://www.ateen.com.br/saia-seda-estampa-serena-lurex-09-08-1212/p?idsku=73106,ATEEN,https://ateen.vteximg.com.br/arquivos/ids/314296_2,,2379.00 BRL,,in_stock,new,NEW IN,Ropa y accesorios > Prendas de vestir,,,,,new_in,,,,,ATEEN,https://www.ateen.com.br,https://ateen.zendesk.com/hc/pt-br/sections/360003548834-Troca-e-Devolu%C3%A7%C3%A3o,BR,BR,true,false,true
29315,,BOLSA PALHA CROCHET - BEGE - UN,"Trama vazada em palha com alça de corrente metálica. Design artesanal que une o charme natural da palha a um acabamento contemporâneo. O fechamento por cordão ajustável garante praticidade sem abrir mão do refinamento, enquanto a corrente metálica introduz um contraste moderno que eleva o visual. Versátil o suficiente para compor looks casuais de verão, produções boho ou ocasiões que pedem um toque de elegância natural. Detalhes: Bolsa em palha com trama vazada Formato arredondado Fechamento por cordão ajustável Alça longa em corrente metálica Uso no ombro ou transversal Modelo leve e versátil Coleção: ATEEN Verão 2027",https://www.ateen.com.br/bolsa-palha-crochet-18-04-0031/p?idsku=73111,ATEEN,https://ateen.vteximg.com.br/arquivos/ids/314135_2,,1299.00 BRL,,in_stock,new,NEW IN,Ropa y accesorios > Prendas de vestir,,,,,new_in,,,,,ATEEN,https://www.ateen.com.br,https://ateen.zendesk.com/hc/pt-br/sections/360003548834-Troca-e-Devolu%C3%A7%C3%A3o,BR,BR,true,false,true
29316,,CALÇA CRISTAL,"Alfaiataria com modelagem reta e cós estruturado. Tecido de caimento leve que combina o frescor do linho com a fluidez da viscose, resultando em uma calça confortável e elegante para a rotina. O cós largo valoriza a silhueta, o fechamento frontal por zíper garante praticidade e os recortes frontais entregam um acabamento refinado. Versátil para compor looks casuais ou propostas de alfaiataria leve. Detalhes: Calça feminina modelagem reta Cós largo estruturado Fechamento frontal por zíper Recortes frontais refinados Blend de viscose com linho Caimento leve e confortável Coleção: ATEEN Verão 2027",https://www.ateen.com.br/calca-cristal-06-01-0163/p?idsku=73084,ATEEN,https://ateen.vteximg.com.br/arquivos/ids/314218_2,,729.00 BRL,,in_stock,new,NEW IN,Ropa y accesorios > Prendas de vestir,,,,,new_in,,,,,ATEEN,https://www.ateen.com.br,https://ateen.zendesk.com/hc/pt-br/sections/360003548834-Troca-e-Devolu%C3%A7%C3%A3o,BR,BR,true,false,true
29317,,VESTIDO BORDADO BOHEMIA,"Vazado em arabescos florais sobre algodão leve, midi fluido. Confeccionado em 100% algodão, o tecido bordado confere riqueza artesanal e sofisticação ao mesmo tempo. As alças finas reguláveis e o decote reto valorizam a silhueta com delicadeza, enquanto os botões frontais revestidos adicionam acabamento refinado. Os recortes na saia finalizados com babados criam movimento e leveza, tornando esta peça boho chic ideal para passeios, viagens e ocasiões ao ar livre. Detalhes: Tecido com bordado vazado em desenho boho Modelagem midi Alças finas reguláveis Decote reto Fechamento frontal com botões revestidos Recortes na saia com babados Caimento leve e fluido Coleção: ATEEN Verão 2027",https://www.ateen.com.br/vestido-bordado-bohemia-04-01-0405/p?idsku=73051,ATEEN,https://ateen.vteximg.com.br/arquivos/ids/314092_2,,989.00 BRL,,in_stock,new,NEW IN,Ropa y accesorios > Prendas de vestir,,,,,new_in,,,,,ATEEN,https://www.ateen.com.br,https://ateen.zendesk.com/hc/pt-br/sections/360003548834-Troca-e-Devolu%C3%A7%C3%A3o,BR,BR,true,false,true
29318,,BLUSA SEDA ESTAMPA SERENA LUREX,"Estampa floral em seda com fios de lurex, babados e decote em V. Fios de lurex entremeados à estampa Serena adicionam brilho sutil sem perder a delicadeza do tecido. Os babados na frente e nas mangas curtas trazem movimento e romantismo, enquanto o decote em V valoriza o colo com elegância despojada. Versátil o suficiente para transitar entre o casual sofisticado e produções mais elaboradas com alfaiataria, jeans ou saias. Detalhes: Confeccionada em seda Estampa floral Serena com fios de lurex Decote em V Babados aplicados na parte frontal Mangas curtas com babados Caimento leve e fluido Coleção: ATEEN Verão 2027",https://www.ateen.com.br/blusa-seda-estampa-serena-lurex-05-19-0357/p?idsku=73079,ATEEN,https://ateen.vteximg.com.br/arquivos/ids/314592_2,,1629.00 BRL,,in_stock,new,NEW IN,Ropa y accesorios > Prendas de vestir,,,,,new_in,,,,,ATEEN,https://www.ateen.com.br,https://ateen.zendesk.com/hc/pt-br/sections/360003548834-Troca-e-Devolu%C3%A7%C3%A3o,BR,BR,true,false,true
29319,,SAIA LILAC,"Floral exclusivo em lilás com franzidos no quadril e barra translúcida. Confeccionada em tecido leve com elastano, a saia entrega movimento natural e caimento fluido ao longo do comprimento. Os franzidos estratégicos na região do quadril valorizam a silhueta sem apertar, enquanto a transparência na barra adiciona leveza e sofisticação ao visual. O forro curto interno garante conforto e segurança. Versátil para composições com a blusa coordenada, tricôs ou camisas em produções casuais e elegantes. Detalhes: Saia longa estampada Estampa floral exclusiva em tons de lilás Franzidos estratégicos na região do quadril Barra com transparência Forro curto interno Modelagem acinturada e ajustada no quadril Caimento fluido na barra Coleção: ATEEN Verão 2027",https://www.ateen.com.br/saia-lilac-09-05-0540/p?idsku=73103,ATEEN,https://ateen.vteximg.com.br/arquivos/ids/314131_2,,799.00 BRL,,in_stock,new,NEW IN,Ropa y accesorios > Prendas de vestir,,,,,new_in,,,,,ATEEN,https://www.ateen.com.br,https://ateen.zendesk.com/hc/pt-br/sections/360003548834-Troca-e-Devolu%C3%A7%C3%A3o,BR,BR,true,false,true
29320,,CALÇA ANAYA,"Listrado de algodão em corte reto com caimento leve. Corte reto e caimento leve tornam esta calça uma escolha versátil para composições casuais com toque refinado. O cós com elástico nas costas garante conforto ao longo do dia, enquanto os bolsos frontais e aplicados nas costas unem praticidade ao design. Ideal para looks despojados e sofisticados em igual medida. Detalhes: Calça em tecido listrado de algodão Modelagem reta Cós com elástico nas costas Bolsos frontais funcionais Bolsos aplicados nas costas Caimento leve e confortável Coleção: ATEEN Verão 2027",https://www.ateen.com.br/calca-anaya-06-04-0525/p?idsku=73090,ATEEN,https://ateen.vteximg.com.br/arquivos/ids/314122_2,,699.00 BRL,,in_stock,new,NEW IN,Ropa y accesorios > Prendas de vestir,,,,,new_in,,,,,ATEEN,https://www.ateen.com.br,https://ateen.zendesk.com/hc/pt-br/sections/360003548834-Troca-e-Devolu%C3%A7%C3%A3o,BR,BR,true,false,true
29321,,BOMBER CRISTAL,"Modelagem bomber leve, raglan e acabamento refinado. Mangas raglan e barra com elástico regulável por cordão de ponteiras metálicas garantem caimento moderno e ajuste preciso ao corpo. Os bolsos laterais funcionais somam praticidade ao visual despojado, tornando esta jaqueta uma terceira peça boho chic ideal para composições casuais ou coordenadas com a Calça Cristal. Detalhes: Jaqueta estilo bomber Tecido viscose com linho Mangas longas raglan Gola tradicional Fechamento frontal por zíper Bolsos laterais funcionais Barra com elástico e regulagem por cordão Ponteiras metálicas no cordão Coleção: ATEEN Verão 2027",https://www.ateen.com.br/bomber-cristal-01-02-0251/p?idsku=73044,ATEEN,https://ateen.vteximg.com.br/arquivos/ids/314087_2,,1179.00 BRL,,in_stock,new,NEW IN,Ropa y accesorios > Prendas de vestir,,,,,new_in,,,,,ATEEN,https://www.ateen.com.br,https://ateen.zendesk.com/hc/pt-br/sections/360003548834-Troca-e-Devolu%C3%A7%C3%A3o,BR,BR,true,false,true
29322,,VESTIDO LILAC,"Estampa floral exclusiva em lilás com caimento fluido e silhueta midi. O busto franzido e o decote coração definem a feminilidade desta peça, enquanto as alças finas reguláveis garantem conforto personalizado. A saia com recorte e babado na barra adiciona movimento delicado, tornando o vestido versátil para eventos diurnos, viagens e produções românticas com toque casual elegante. Detalhes: Vestido midi estampado Estampa floral exclusiva em tons de lilás Decote coração Busto com detalhe franzido Alças finas reguláveis Modelagem acinturada com saia fluida Recorte e babado na barra Caimento leve e confortável Coleção: ATEEN Verão 2027",https://www.ateen.com.br/vestido-lilac-04-01-0407/p?idsku=73056,ATEEN,https://ateen.vteximg.com.br/arquivos/ids/314097_2,,989.00 BRL,,in_stock,new,NEW IN,Ropa y accesorios > Prendas de vestir,,,,,new_in,,,,,ATEEN,https://www.ateen.com.br,https://ateen.zendesk.com/hc/pt-br/sections/360003548834-Troca-e-Devolu%C3%A7%C3%A3o,BR,BR,true,false,true
29323,,CAMISA BORDADA GERBRA,"Bordado vazado geométrico em tecido leve com caimento amplo e fluido. Com toque suave e leveza natural, esta camisa combina textura refinada e transparências sutis em uma modelagem versátil. A gola clássica, o fechamento frontal por botões e os punhos ajustados garantem um visual atemporal, enquanto a barra levemente arredondada permite diferentes formas de uso: fechadak, aberta como sobreposição ou amarrada na cintura. Uma peça boho chic que transita com facilidade entre o casual e o sofisticado. Detalhes: Bordado vazado geométrico Modelagem ampla Gola clássica Fechamento frontal por botões Mangas longas com punhos abotoados Barra levemente arredondada Tecido leve em viscose com poliéster Coleção: ATEEN Verão 2027",https://www.ateen.com.br/camisa-bordada-gerbra-05-18-2152/p?idsku=73075,ATEEN,https://ateen.vteximg.com.br/arquivos/ids/314112_2,,659.00 BRL,,in_stock,new,NEW IN,Ropa y accesorios > Prendas de vestir,,,,,new_in,,,,,ATEEN,https://www.ateen.com.br,https://ateen.zendesk.com/hc/pt-br/sections/360003548834-Troca-e-Devolu%C3%A7%C3%A3o,BR,BR,true,false,true
29324,,VESTIDO SEDA ESTAMPA SERENA LUREX,"Seda fluida com estampa floral e fios de lurex de brilho discreto. Os fios de lurex entremeados à estampa Serena criam luminosidade sutil que se move com o corpo, elevando o visual sem exageros. O decote em V valoriza o colo enquanto os babados nos ombros adicionam romantismo à silhueta. Mangas longas com punhos em elástico garantem volume delicado e conforto, e o recorte na cintura define a silhueta com leveza. Versátil o suficiente para eventos diurnos, ocasiões especiais e produções sofisticadas que pedem elegância sem esforço. Detalhes: Confeccionada em seda com fios de lurex Estampa floral exclusiva Serena Modelagem longa Decote em V Babados nos ombros Mangas longas com punhos em elástico Recorte na cintura Saia com caimento fluido Coleção: ATEEN Verão 2027",https://www.ateen.com.br/vestido-seda-estampa-serena-lurex-04-20-1765/p?idsku=73060,ATEEN,https://ateen.vteximg.com.br/arquivos/ids/314272_2,,3779.00 BRL,,in_stock,new,NEW IN,Ropa y accesorios > Prendas de vestir,,,,,new_in,,,,,ATEEN,https://www.ateen.com.br,https://ateen.zendesk.com/hc/pt-br/sections/360003548834-Troca-e-Devolu%C3%A7%C3%A3o,BR,BR,true,false,true
29325,,CAMISA SYROS STRIPE,"Listras verticais em tecido leve de caimento sofisticado. A padronagem de listras alonga a silhueta e confere personalidade a uma camisa de corte atemporal. O fechamento frontal por botões, a gola clássica e os bolsos frontais aplicados equilibram funcionalidade e estilo casual chic. As mangas longas com punhos abotoados permitem usá-la fechada ou sobreposta, compondo com calças de alfaiataria, jeans ou shorts. Detalhes: Padronagem de listras verticais Gola clássica Fechamento frontal por botões Bolsos frontais aplicados Mangas longas com punhos abotoados Modelagem confortável Caimento leve e sofisticado Coleção: ATEEN Verão 2027",https://www.ateen.com.br/camisa-syros-stripe-05-00-0401/p?idsku=73066,ATEEN,https://ateen.vteximg.com.br/arquivos/ids/314102_2,,599.00 BRL,,in_stock,new,NEW IN,Ropa y accesorios > Prendas de vestir,,,,,new_in,,,,,ATEEN,https://www.ateen.com.br,https://ateen.zendesk.com/hc/pt-br/sections/360003548834-Troca-e-Devolu%C3%A7%C3%A3o,BR,BR,true,false,true
29326,,REGATA LILAC,"Estampa floral exclusiva em lilás, decote alto e caimento fluido. Confeccionada em tecido leve de poliéster com toque de elastano, a peça oferece conforto e liberdade de movimento sem perder a elegância. O fechamento posterior por botão com abertura em gota é o detalhe construtivo que eleva o acabamento, tornando esta regata uma escolha chic para composições sofisticadas especialmente em conjunto com a Saia Lilac ou em looks casuais com calças de alfaiataria. Detalhes: Regata estampada Estampa floral exclusiva em tons de lilás Modelagem reta Decote alto Sem mangas Fechamento posterior por botão Abertura em gota nas costas Caimento leve e fluido Coleção: ATEEN Verão 2027",https://www.ateen.com.br/regata-lilac-05-14-1172/p?idsku=73071,ATEEN,https://ateen.vteximg.com.br/arquivos/ids/314107_2,,479.00 BRL,,in_stock,new,NEW IN,Ropa y accesorios > Prendas de vestir,,,,,new_in,,,,,ATEEN,https://www.ateen.com.br,https://ateen.zendesk.com/hc/pt-br/sections/360003548834-Troca-e-Devolu%C3%A7%C3%A3o,BR,BR,true,false,true
29327,,CALÇA BLUE JEANS,"Modelagem reta, cintura média e caimento elegante. O jeans azul escuro com 98% de algodão e 2% de elastano proporciona conforto e flexibilidade ao vestir. O design clássico reúne cós com passantes, fechamento frontal por zíper e botão e cinco bolsos funcionais. Versátil, transita entre produções casuais e combinações mais sofisticadas. Detalhes: Lavagem azul escura Modelagem reta Cintura média Fechamento frontal por zíper e botão Cós com passantes para cinto Cinco bolsos funcionais Caimento confortável e versátil Ideal para combinações casuais e elegantes Coleção: ATEEN Verão 2027",https://www.ateen.com.br/calca-blue-jeans-06-04-0541/p?idsku=73123,ATEEN,https://ateen.vteximg.com.br/arquivos/ids/314148_2,,799.00 BRL,,in_stock,new,NEW IN,Ropa y accesorios > Prendas de vestir,,,,,new_in,,,,,ATEEN,https://www.ateen.com.br,https://ateen.zendesk.com/hc/pt-br/sections/360003548834-Troca-e-Devolu%C3%A7%C3%A3o,BR,BR,true,false,true
29328,,CAMISA PATCH LOVE,"Sarja encorpada em tom marcante com modelagem oversized. A estrutura utilitária ganha personalidade no patch bordado em formato de coração aplicado nas costas. Feita em 100% algodão, esta camisa feminina de manga longa possui gola tradicional, botões de pressão, bolsos no busto, punhos e barra levemente arredondada. A modelagem ampla permite usá-la fechada ou aberta, como terceira peça em produções casuais e modernas. Detalhes: Camisa feminina em sarja encorpada 100% algodão Modelagem oversized Gola tradicional Fechamento frontal por botões de pressão Mangas longas com punhos Bolsos aplicados no busto Barra levemente arredondada Patch bordado em formato de coração nas costas Estilo casual e moderno Pode ser usada como camisa ou terceira peça Coleção: ATEEN Verão 2027",https://www.ateen.com.br/camisa-patch-love-11-04-0664/p?idsku=73127,ATEEN,https://ateen.vteximg.com.br/arquivos/ids/314348_2,,879.00 BRL,,in_stock,new,NEW IN,Ropa y accesorios > Prendas de vestir,,,,,new_in,,,,,ATEEN,https://www.ateen.com.br,https://ateen.zendesk.com/hc/pt-br/sections/360003548834-Troca-e-Devolu%C3%A7%C3%A3o,BR,BR,true,false,true
29329,,JAQUETA OVER,"Algodão leve e estruturado em silhueta ampla de linhas precisas. A terceira peça ganha um olhar contemporâneo com gola alta, capuz embutido e mangas raglan que favorecem um caimento confortável. O zíper frontal oculto por vista mantém o visual clean, enquanto os bolsos com lapela e botão de pressão acrescentam funcionalidade. A barra com elástico finaliza a jaqueta feminina oversized, ideal para sobreposições casuais e sofisticadas. Detalhes: Modelagem ampla oversized Gola alta com capuz embutido Cintura média Fechamento frontal por zíper com vista sobreposta Mangas longas raglan Bolsos frontais com lapela e botão de pressão Barra com elástico Algodão leve e estruturado Caimento moderno e confortável Coleção: ATEEN Verão 2027",https://www.ateen.com.br/jaqueta-over-01-02-0256/p?idsku=73120,ATEEN,https://ateen.vteximg.com.br/arquivos/ids/314143_2,,899.00 BRL,,in_stock,new,NEW IN,Ropa y accesorios > Prendas de vestir,,,,,new_in,,,,,ATEEN,https://www.ateen.com.br,https://ateen.zendesk.com/hc/pt-br/sections/360003548834-Troca-e-Devolu%C3%A7%C3%A3o,BR,BR,true,false,true
29330,,CALÇA POÁ GOLD,"Textura delicada e poás dourados em fio metalizado. A cintura alta e as pregas frontais definem a silhueta, enquanto a modelagem afunilada proporciona um caimento fluido e elegante. Confeccionada em 100% poliéster, a peça conta com bolsos funcionais e acabamento limpo no cós. Versátil, transita entre produções casual chic e propostas mais refinadas, além de formar um conjunto sofisticado com a Bata Poá Gold. Detalhes: Tecido leve com textura delicada Poás dourados em fio metalizado Modelagem afunilada Cintura alta Pregas frontais Bolsos frontais funcionais Cós com acabamento limpo Caimento fluido e confortável Ideal para compor conjunto com a Bata Poá Gold 100% poliéster Coleção: ATEEN Verão 2027",https://www.ateen.com.br/calca-poa-gold-06-04-0537/p?idsku=73156,ATEEN,https://ateen.vteximg.com.br/arquivos/ids/314380_2,,879.00 BRL,,in_stock,new,NEW IN,Ropa y accesorios > Prendas de vestir,,,,,new_in,,,,,ATEEN,https://www.ateen.com.br,https://ateen.zendesk.com/hc/pt-br/sections/360003548834-Troca-e-Devolu%C3%A7%C3%A3o,BR,BR,true,false,true
29331,,BLUSA TRICOT RECYCLE,"Modelagem ampla, caimento fluido e punhos franzidos delicados. A mistura de poliéster e elastano proporciona conforto e flexibilidade ao vestir. O decote redondo e as mangas longas levemente volumosas equilibram a silhueta, enquanto o tom preto facilita combinações casuais, urbanas ou mais sofisticadas. Uma peça contemporânea para acompanhar diferentes momentos com elegância descomplicada. Detalhes: Decote redondo Mangas longas com leve volume Punhos com acabamento franzido Modelagem ampla e confortável Caimento fluido Cor preta Coleção: ATEEN Verão 2027",https://www.ateen.com.br/blusa-tricot-recycle-05-18-2069/p?idsku=73145,ATEEN,https://ateen.vteximg.com.br/arquivos/ids/314713_2,,479.00 BRL,,in_stock,new,NEW IN,Ropa y accesorios > Prendas de vestir,,,,,new_in,,,,,ATEEN,https://www.ateen.com.br,https://ateen.zendesk.com/hc/pt-br/sections/360003548834-Troca-e-Devolu%C3%A7%C3%A3o,BR,BR,true,false,true
29332,,BRINCO DALLA - PRATA - UN,"Formas ovais articuladas criam movimento e leveza com brilho polido. O desenho escultural do Brinco Dalla combina elementos ovais articulados em uma composição metálica de presença marcante. O acessório feminino acompanha produções minimalistas, casuais ou elegantes, acrescentando um toque contemporâneo e sofisticado ao visual. Detalhes: Brinco longo feminino Design orgânico com elementos ovais articulados Acabamento metálico polido Movimento leve entre as peças Fechamento por pino com tarraxa Acessório statement de estilo contemporâneo Ideal para looks casuais ou ocasiões especiais Material: 100% metal Coleção: ATEEN Verão 2027",https://www.ateen.com.br/brinco-dalla-02-01-0037/p?idsku=73137,ATEEN,https://ateen.vteximg.com.br/arquivos/ids/314358_2,,219.00 BRL,,in_stock,new,NEW IN,Ropa y accesorios > Prendas de vestir,,,,,new_in,,,,,ATEEN,https://www.ateen.com.br,https://ateen.zendesk.com/hc/pt-br/sections/360003548834-Troca-e-Devolu%C3%A7%C3%A3o,BR,BR,true,false,true
29333,,MACACÃO LUIZA,"Brilho sutil em malha fluida com silhueta ampla e sofisticada. O decote profundo em V e a cintura com elástico equilibram presença e conforto nesta peça de festa. A modelagem sem mangas acompanha o corpo com leveza, enquanto a calça de caimento reto cria uma linha elegante para eventos e produções noturnas. A faixa do mesmo tecido, finalizada com flor aplicada, permite diferentes formas de styling. A malha com 94% poliéster e 6% elastano oferece elasticidade e movimento para um visual chic e contemporâneo. Detalhes: Macacão longo feminino Malha com brilho discreto Decote profundo em V Modelagem ampla e confortável Cintura com elástico Sem mangas Calça de caimento reto e fluido Faixa do mesmo tecido com flor aplicada Tecido com elasticidade Ideal para ocasiões especiais e eventos noturnos Coleção: ATEEN Verão 2027",https://www.ateen.com.br/macacao-luiza-12-01-0166/p?idsku=73180,ATEEN,https://ateen.vteximg.com.br/arquivos/ids/314384_2,,1049.00 BRL,,in_stock,new,NEW IN,Ropa y accesorios > Prendas de vestir,,,,,new_in,,,,,ATEEN,https://www.ateen.com.br,https://ateen.zendesk.com/hc/pt-br/sections/360003548834-Troca-e-Devolu%C3%A7%C3%A3o,BR,BR,true,false,true
29334,,JAQUETA ZOE,"Elegância e funcionalidade em um design contemporâneo.. A modelagem reta, os recortes pespontados e os bolsos com lapelas destacam a estética utilitária refinada. Com mangas longas, martingales nos ombros e fechamento frontal por botões, é uma terceira peça versátil para produções casuais e contemporâneas, além de formar um conjunto elegante com a Calça Zoe. Detalhes: Modelagem reta Gola tradicional Fechamento frontal por botões Bolsos frontais aplicados com lapelas e botões Martingales nos ombros Recortes e detalhes pespontados na parte frontal e na barra Mangas longas com punhos e fechamento por botões Barra reta Tecido leve com excelente caimento Ideal para usar como terceira peça ou com a Calça Zoe Coleção: ATEEN Verão 2027",https://www.ateen.com.br/jaqueta-zoe-01-02-0250/p?idsku=73129,ATEEN,https://ateen.vteximg.com.br/arquivos/ids/314260_2,,789.00 BRL,,in_stock,new,NEW IN,Ropa y accesorios > Prendas de vestir,,,,,new_in,,,,,ATEEN,https://www.ateen.com.br,https://ateen.zendesk.com/hc/pt-br/sections/360003548834-Troca-e-Devolu%C3%A7%C3%A3o,BR,BR,true,false,true
29335,,CALÇA ZOE,"Caimento leve em alfaiataria contemporânea. A mistura de viscose, linho e elastano proporciona toque leve, estrutura e conforto ao vestir. O cós com passantes, a barra reta e os bolsos funcionais valorizam a praticidade, enquanto o fechamento frontal garante acabamento preciso. Versátil, transita entre produções casuais e elegantes e combina com a Jaqueta Zoe para um conjunto chic. Detalhes: Modelagem reta Cós com passantes Fechamento frontal por zíper e colchete interno Bolsos laterais funcionais Bolsos chapados nas costas Barra reta Tecido leve com excelente estrutura Caimento confortável e elegante Ideal para looks casuais ou sofisticados Coleção: ATEEN Verão 2027",https://www.ateen.com.br/calca-zoe-06-07-0030/p?idsku=73162,ATEEN,https://ateen.vteximg.com.br/arquivos/ids/315521_2,,729.00 BRL,,in_stock,new,NEW IN,Ropa y accesorios > Prendas de vestir,,,,,new_in,,,,,ATEEN,https://www.ateen.com.br,https://ateen.zendesk.com/hc/pt-br/sections/360003548834-Troca-e-Devolu%C3%A7%C3%A3o,BR,BR,true,false,true
29336,,BATA BABADOS POÁ GOLD,"Textura delicada e brilho metalizado revelam uma silhueta fluida. O tecido de toque leve valoriza o caimento confortável, enquanto o decote em V e os babados frontais criam movimento. O fechamento por botões revestidos, as mangas longas e os punhos franzidos equilibram a transparência sutil. Uma bata feminina sofisticada para compor looks casuais, produções de festa e combinações elegantes. Detalhes: Tecido leve com textura delicada Poás dourados em fio metalizado Decote em V Babados aplicados na gola e na vista frontal Fechamento frontal por botões revestidos Mangas longas Punhos com elástico e leve babado Transparência sutil Caimento fluido e confortável 100% poliéster Coleção: ATEEN Verão 2027",https://www.ateen.com.br/bata-babados-poa-gold-05-18-2140/p?idsku=73146,ATEEN,https://ateen.vteximg.com.br/arquivos/ids/314388_2,,719.00 BRL,,in_stock,new,NEW IN,Ropa y accesorios > Prendas de vestir,,,,,new_in,,,,,ATEEN,https://www.ateen.com.br,https://ateen.zendesk.com/hc/pt-br/sections/360003548834-Troca-e-Devolu%C3%A7%C3%A3o,BR,BR,true,false,true
29337,,SANDÁLIA ANABELA TRANÇADA,"Couro macio e trama artesanal revelam uma silhueta resort. A construção em couro valoriza o acabamento trançado na parte frontal, enquanto o salto anabela revestido em corda natural reforça a inspiração de verão. A meia-pata oferece mais estabilidade ao caminhar, e a tira ajustável no tornozelo permite um encaixe confortável. Versátil, transita entre produções casuais, elegantes e looks de inspiração resort. Detalhes: Modelo sandália anabela Cabedal em couro com acabamento trançado artesanal Salto anabela revestido em corda natural Meia-pata frontal para maior estabilidade Tira ajustável no tornozelo Fechamento por fivela metálica Bico arredondado com abertura frontal Palmilha confortável Solado sintético resistente Ideal para looks casuais, sofisticados e de verão Coleção: ATEEN Verão 2027",https://www.ateen.com.br/sandalia-anabela-trancada-30-02-0009/p?idsku=73186,ATEEN,https://ateen.vteximg.com.br/arquivos/ids/314439_2,,1179.00 BRL,,in_stock,new,NEW IN,Ropa y accesorios > Prendas de vestir,,,,,new_in,,,,,ATEEN,https://www.ateen.com.br,https://ateen.zendesk.com/hc/pt-br/sections/360003548834-Troca-e-Devolu%C3%A7%C3%A3o,BR,BR,true,false,true
29339,,BRINCO ARGOLA SUMMER - DOURADO - UN,"Acabamento dourado polido traduz elegância minimalista. A espessura média garante presença equilibrada, enquanto o fechamento por encaixe facilita o uso. Leve e confortável, este brinco clássico feminino acompanha produções casuais, elegantes e ocasiões especiais com um toque chic e atemporal. Detalhes: Brinco modelo argola Formato clássico com espessura média Acabamento liso e polido Banho em tom dourado Fechamento por encaixe Leve e confortável para uso prolongado Design atemporal e versátil Metal como material principal Coleção: ATEEN Verão 2027",https://www.ateen.com.br/argola-summer-02-01-0035/p?idsku=73135,ATEEN,https://ateen.vteximg.com.br/arquivos/ids/314356_2,,199.00 BRL,,in_stock,new,NEW IN,Ropa y accesorios > Prendas de vestir,,,,,new_in,,,,,ATEEN,https://www.ateen.com.br,https://ateen.zendesk.com/hc/pt-br/sections/360003548834-Troca-e-Devolu%C3%A7%C3%A3o,BR,BR,true,false,true
29340,,CALÇA TECH LISTRA,"Alfaiataria leve com listras verticais e caimento amplo. A construção reta equilibra a silhueta com elegância, enquanto os bolsos funcionais e o cós com passantes ampliam as possibilidades de uso. A mistura de poliéster, viscose e elastano proporcionam leveza, conforto e bom caimento para composições de trabalho ou propostas casual chic. Detalhes: Modelagem reta com caimento amplo Padronagem de listras verticais Cós com passantes Fechamento frontal por zíper e colchete interno Bolsos laterais e traseiros funcionais Tecido leve e confortável Ideal para produções elegantes e versáteis Coleção: ATEEN Verão 2027",https://www.ateen.com.br/calca-tech-listra-06-10-0159/p?idsku=73174,ATEEN,https://ateen.vteximg.com.br/arquivos/ids/314488_2,,849.00 BRL,,in_stock,new,NEW IN,Ropa y accesorios > Prendas de vestir,,,,,new_in,,,,,ATEEN,https://www.ateen.com.br,https://ateen.zendesk.com/hc/pt-br/sections/360003548834-Troca-e-Devolu%C3%A7%C3%A3o,BR,BR,true,false,true
29341,,BRACELETE TALISE - DOURADO - UN,"Desing orgânico que traduz elegância despojada. O acabamento polido em tom dourado valoriza o metal e cria um ponto de luz sofisticado na produção. De presença marcante, o bracelete feminino pode ser usado sozinho ou combinado a outras pulseiras, acompanhando looks casuais, urbanos e propostas mais elegantes. Detalhes: Bracelete feminino em metal Design orgânico com formato arredondado Acabamento liso e polido Banho em tom dourado Estilo contemporâneo e sofisticado Pode ser usado sozinho ou em mix de pulseiras Ideal para composições casuais e elegantes Coleção: ATEEN Verão 2027",https://www.ateen.com.br/bracelete-talise-02-04-0030/p?idsku=73139,ATEEN,https://ateen.vteximg.com.br/arquivos/ids/314361_2,,219.00 BRL,,in_stock,new,NEW IN,Ropa y accesorios > Prendas de vestir,,,,,new_in,,,,,ATEEN,https://www.ateen.com.br,https://ateen.zendesk.com/hc/pt-br/sections/360003548834-Troca-e-Devolu%C3%A7%C3%A3o,BR,BR,true,false,true
29342,,VESTIDO MINI POÁ GOLD,"Textura delicada com brilho dourado e movimento em camadas. Confeccionado em tecido texturizado com delicados poás dourados em fio metalizado, o modelo combina decote transpassado em V, cintura marcada e saia com babados em camadas. O caimento fluido acompanha ocasiões especiais, festas e produções elegantes com um toque contemporâneo e chic. Detalhes: Modelo curto Tecido leve com textura delicada Poás dourados em fio metalizado Decote transpassado em V Modelagem acinturada Saia com babados em camadas Caimento fluido e confortável Acabamento sofisticado Coleção: ATEEN Verão 2027",https://www.ateen.com.br/vestido-mini-poa-gold-04-11-0776/p?idsku=73140,ATEEN,https://ateen.vteximg.com.br/arquivos/ids/314363_2,,789.00 BRL,,in_stock,new,NEW IN,Ropa y accesorios > Prendas de vestir,,,,,new_in,,,,,ATEEN,https://www.ateen.com.br,https://ateen.zendesk.com/hc/pt-br/sections/360003548834-Troca-e-Devolu%C3%A7%C3%A3o,BR,BR,true,false,true
29343,,BRINCO TALISE - DOURADO - UN,"Formas orgânicas sobrepostas revelam um design alongado e elegante. O acabamento metálico polido em tom dourado realça o movimento entre os três elementos articulados. O fechamento por pino com tarraxa favorece o uso seguro, enquanto a silhueta marcante transforma produções básicas e acompanha ocasiões especiais com sofisticação contemporânea. Detalhes: Brinco longo com design orgânico Três elementos metálicos articulados Acabamento liso e polido em tom dourado Fechamento por pino com tarraxa Leve movimento entre as peças Design moderno e sofisticado Ideal para ocasiões especiais ou produções elegantes Material: 100% metal Coleção: ATEEN Verão 2027",https://www.ateen.com.br/brinco-talise-02-01-0036/p?idsku=73136,ATEEN,https://ateen.vteximg.com.br/arquivos/ids/314357_2,,219.00 BRL,,in_stock,new,NEW IN,Ropa y accesorios > Prendas de vestir,,,,,new_in,,,,,ATEEN,https://www.ateen.com.br,https://ateen.zendesk.com/hc/pt-br/sections/360003548834-Troca-e-Devolu%C3%A7%C3%A3o,BR,BR,true,false,true
29344,,CALÇA VISCOSE FLARE,"Textura encorpada, toque macio e silhueta fluida em equilíbrio. A cintura alta e as pregas frontais estruturam a modelagem, enquanto a composição em 100% viscose oferece toque macio e caimento elegante. Com pernas levemente amplas, bolsos funcionais e passantes para cinto, transita entre produções de alfaiataria, propostas casuais e looks chic do dia à noite. Detalhes: Tecido 100% viscose com toque macio Textura encorpada e caimento fluido Modelagem flare Cintura alta Pregas frontais Fechamento frontal por zíper e colchete interno Passantes para cinto Bolsos frontais e traseiros funcionais Acabamento sofisticado e versátil Coleção: ATEEN Verão 2027",https://www.ateen.com.br/calca-viscose-flare-06-03-0605/p?idsku=73150,ATEEN,https://ateen.vteximg.com.br/arquivos/ids/314376_2,,739.00 BRL,,in_stock,new,NEW IN,Ropa y accesorios > Prendas de vestir,,,,,new_in,,,,,ATEEN,https://www.ateen.com.br,https://ateen.zendesk.com/hc/pt-br/sections/360003548834-Troca-e-Devolu%C3%A7%C3%A3o,BR,BR,true,false,true
29345,,VESTIDO RENDA NOITE COM CINTO FLOR,"Camadas fluidas criam movimento em uma silhueta leve e sofisticada. A renda trabalhada e o decote halter com gola alta criam uma presença marcante para festas, casamentos, formaturas e eventos noturnos. A saia longa com recortes em camadas acompanha os movimentos, enquanto a transparência sutil na barra acrescenta delicadeza. O cinto com flor metálica dourada destaca a cintura e traz um toque contemporâneo à produção. A mistura de algodão, poliamida e viscose proporciona textura e caimento leves. Detalhes: Vestido longo de renda trabalhada Decote halter com gola alta Modelo sem mangas Saia com recortes em camadas Transparência sutil na barra Cinto com aplicação de flor metálica dourada Fechamento posterior discreto Caimento leve e sofisticado Coleção: ATEEN Verão 2027",https://www.ateen.com.br/vestido-renda-noite-com-cinto-flor-04-12-1330/p?idsku=73197,ATEEN,https://ateen.vteximg.com.br/arquivos/ids/314413_2,,2899.00 BRL,,in_stock,new,NEW IN,Ropa y accesorios > Prendas de vestir,,,,,new_in,,,,,ATEEN,https://www.ateen.com.br,https://ateen.zendesk.com/hc/pt-br/sections/360003548834-Troca-e-Devolu%C3%A7%C3%A3o,BR,BR,true,false,true
29346,,CAMISA BORDADO FLOWER,"Elegância em forma de flores vazadas e textura artesanal. A sofisticação do preto ganha destaque no desenho floral aplicado em toda a extensão da peça. A gola tradicional e o fechamento frontal por botões preservam a elegância, enquanto as mangas longas com punhos em elástico oferecem conforto ao vestir. A barra levemente ondulada acrescenta movimento e feminilidade a looks contemporâneos. Detalhes: Bordado floral em toda a peça Flores e folhas com detalhes vazados Gola tradicional Fechamento frontal por botões Mangas longas Punhos com elástico Barra com acabamento ondulado Não acompanha forro Coleção: ATEEN Verão 2027",https://www.ateen.com.br/camisa-bordado-flower-11-04-0651/p?idsku=73278,ATEEN,https://ateen.vteximg.com.br/arquivos/ids/315039_2,,949.00 BRL,,in_stock,new,NEW IN,Ropa y accesorios > Prendas de vestir,,,,,new_in,,,,,ATEEN,https://www.ateen.com.br,https://ateen.zendesk.com/hc/pt-br/sections/360003548834-Troca-e-Devolu%C3%A7%C3%A3o,BR,BR,true,false,true
29347,,BLUSA TRICOT FLANELATTO,"Pregas nos ombros valorizam a silhueta e elevam a textura mesclada. A modelagem levemente soltinha combina o decote redondo e a barra reta a uma proposta versátil. A mistura de viscose, poliéster e elastano acompanha produções de meia-estação, enquanto os ombros estruturados por pregas acrescentam presença ao visual. Use sozinha ou em sobreposições para composições casuais e sofisticadas. Detalhes: Tricot com textura flanellato Aparência mesclada e levemente felpada Decote redondo Modelagem sem mangas Ombros estruturados com pregas Caimento levemente soltinho Barra reta Coleção: ATEEN Verão 2027",https://www.ateen.com.br/blusa-tricot-flanelatto-05-19-0358/p?idsku=73251,ATEEN,https://ateen.vteximg.com.br/arquivos/ids/315280_2,,329.00 BRL,,in_stock,new,NEW IN,Ropa y accesorios > Prendas de vestir,,,,,new_in,,,,,ATEEN,https://www.ateen.com.br,https://ateen.zendesk.com/hc/pt-br/sections/360003548834-Troca-e-Devolu%C3%A7%C3%A3o,BR,BR,true,false,true
29348,,SAIA ESTAMPA PURPLE GARDEN,"Viscose fluida em camadas franzidas para um movimento delicado. O cós com detalhe contrastante e a amarração frontal valorizam a cintura, enquanto os bolsos funcionais trazem praticidade à modelagem longa. Confeccionada em viscose com poliéster, a saia ganha leveza e caimento confortável para composições coordenadas ou produções casuais e elegantes. A estampa floral Purple Garden, em tons de lilás, reforça o espírito boho chic da peça. Detalhes: Estampa exclusiva Purple Garden Modelagem longa e fluida Cós com detalhe contrastante Amarração frontal para ajuste na cintura Bolsos frontais funcionais Recortes em camadas com efeito franzido Barra com estampa contrastante Caimento leve e confortável 98,5% viscose e 1,5% poliéster Coleção: ATEEN Verão 2027",https://www.ateen.com.br/saia-estampa-purple-garden-09-08-1203/p?idsku=73260,ATEEN,https://ateen.vteximg.com.br/arquivos/ids/314752_2,,1129.00 BRL,,in_stock,new,NEW IN,Ropa y accesorios > Prendas de vestir,,,,,new_in,,,,,ATEEN,https://www.ateen.com.br,https://ateen.zendesk.com/hc/pt-br/sections/360003548834-Troca-e-Devolu%C3%A7%C3%A3o,BR,BR,true,false,true
29349,,VESTIDO ESTAMPA PURPLE GARDEN,"Tecido leve em tons de lilás, com movimento delicado. A estampa exclusiva Purple Garden combina tons de lilás e off-white em uma modelagem midi feminina e fluida. As alças finas reguláveis, o decote reto e a faixa para amarração valorizam a silhueta, enquanto os recortes e babados acrescentam leveza. Com caimento confortável para produções boho chic, festas, casamentos e ocasiões especiais. Detalhes: Vestido feminino midi Estampa exclusiva Purple Garden Tons de lilás e off-white Tecido leve e fluido Alças finas reguláveis Decote reto com acabamento contrastante Busto com caimento leve Faixa para amarração na cintura Saia com recortes e babados na barra Coleção: ATEEN Verão 2027",https://www.ateen.com.br/vestido-estampa-purple-garden-04-01-0406/p?idsku=73202,ATEEN,https://ateen.vteximg.com.br/arquivos/ids/314728_2,,1469.00 BRL,,in_stock,new,NEW IN,Ropa y accesorios > Prendas de vestir,,,,,new_in,,,,,ATEEN,https://www.ateen.com.br,https://ateen.zendesk.com/hc/pt-br/sections/360003548834-Troca-e-Devolu%C3%A7%C3%A3o,BR,BR,true,false,true
29350,,BLUSA GRANILO,"Modelagem confortável, decote redondo e mangas longas. Em tom mescla, a peça traduz uma estética clean e atemporal. A silhueta versátil acompanha tanto a alfaiataria quanto produções casuais, criando looks sofisticados para diferentes ocasiões e momentos do dia. Detalhes: Blusa feminina de mangas longas Decote redondo Modelagem confortável Acabamento minimalista Cor mescla Versátil para combinações casuais e sofisticadas Coleção: ATEEN Verão 2027",https://www.ateen.com.br/blusa-granilo-05-18-2139/p?idsku=73234,ATEEN,https://ateen.vteximg.com.br/arquivos/ids/314975_2,,419.00 BRL,,in_stock,new,NEW IN,Ropa y accesorios > Prendas de vestir,,,,,new_in,,,,,ATEEN,https://www.ateen.com.br,https://ateen.zendesk.com/hc/pt-br/sections/360003548834-Troca-e-Devolu%C3%A7%C3%A3o,BR,BR,true,false,true
29351,,BLUSA ESTAMPA MALAI,"Cor e movimento em desenho geométrico de tons vibrantes. A modelagem ampla valoriza o movimento, enquanto o decote arredondado com franzidos e as mangas 3/4 com efeito de babado acrescentam feminilidade à peça. A estampa Malai, inspirada em formas étnicas, combina tons de pink em uma proposta contemporânea e sofisticada para produções leves de verão. Detalhes: Estampa Malai em tons de pink Estampa geométrica de inspiração étnica Decote arredondado com franzido Costas com franzidos no decote Mangas 3/4 amplas Mangas com recorte e efeito de babado Modelagem ampla e fluida Caimento leve e confortável Tecido composto por viscose e seda Coleção: ATEEN Verão 2027",https://www.ateen.com.br/blusa-estampa-malai-05-20-1135/p?idsku=73255,ATEEN,https://ateen.vteximg.com.br/arquivos/ids/314864_2,,829.00 BRL,,in_stock,new,NEW IN,Ropa y accesorios > Prendas de vestir,,,,,new_in,,,,,ATEEN,https://www.ateen.com.br,https://ateen.zendesk.com/hc/pt-br/sections/360003548834-Troca-e-Devolu%C3%A7%C3%A3o,BR,BR,true,false,true
29352,,BLUSA TRICOT MALAI,"Tricot versátil e atemporal para composições elegantes e descomplicadas. Destaca-se pelo tons netros e pela textura delicada do tricot,. A modelagem levemente ampla, com gola redonda e mangas longas, acompanha produções casuais ou looks mais sofisticados com naturalidade. Detalhes: Blusa de tricot feminina Tonalidade azul-claro Textura delicada Modelagem levemente ampla Gola redonda com acabamento canelado Mangas longas Punhos canelados Barra canelada Caimento leve e elegante Coleção: ATEEN Verão 2027",https://www.ateen.com.br/blusa-tricot-malai-05-18-2196/p?idsku=73243,ATEEN,https://ateen.vteximg.com.br/arquivos/ids/315080_2,,569.00 BRL,,in_stock,new,NEW IN,Ropa y accesorios > Prendas de vestir,,,,,new_in,,,,,ATEEN,https://www.ateen.com.br,https://ateen.zendesk.com/hc/pt-br/sections/360003548834-Troca-e-Devolu%C3%A7%C3%A3o,BR,BR,true,false,true
29353,,BLUSA ESTAMPA PURPLE GARDEN,"Tecido leve, estampa lilás e recorte contrastante no busto. Para os dias de verão, a modelagem soltinha acompanha o movimento com conforto e delicadeza. As alças finas reguláveis e o detalhe frontal com amarração valorizam a silhueta, enquanto a estampa exclusiva Purple Garden cria composições que vão do casual ao elegante. Combine com a saia coordenada ou com peças em tons neutros. Detalhes: Estampa exclusiva Purple Garden Alças finas com regulagem Recorte contrastante no busto Detalhe frontal com amarração Modelagem soltinha Caimento fluido Tecido leve e confortável Coleção: ATEEN Verão 2027",https://www.ateen.com.br/blusa-estampa-purple-garden-05-01-0488/p?idsku=73224,ATEEN,https://ateen.vteximg.com.br/arquivos/ids/314776_2,,729.00 BRL,,in_stock,new,NEW IN,Ropa y accesorios > Prendas de vestir,,,,,new_in,,,,,ATEEN,https://www.ateen.com.br,https://ateen.zendesk.com/hc/pt-br/sections/360003548834-Troca-e-Devolu%C3%A7%C3%A3o,BR,BR,true,false,true
29354,,SAIA SEDA MIDI ESTAMPA LALI,"Caimento leve, recorte franzido e movimento delicado. A seda pura valoriza a modelagem midi fluida, enquanto o cós com elástico proporciona conforto e ajuste ao corpo. A estampa exclusiva Lali traz personalidade à peça, que transita entre produções casuais e propostas mais sofisticadas. Coordene com a blusa da mesma estampa para um visual elegante e harmônico. Detalhes: Saia feminina de seda pura Estampa exclusiva Lali Modelagem midi e fluida Cós com elástico Recorte franzido Caimento leve e elegante Versátil para diferentes ocasiões Coleção: ATEEN Verão 2027",https://www.ateen.com.br/saia-seda-midi-estampa-lali-09-08-1210/p?idsku=73266,ATEEN,https://ateen.vteximg.com.br/arquivos/ids/314884_2,,2159.00 BRL,,in_stock,new,NEW IN,Ropa y accesorios > Prendas de vestir,,,,,new_in,,,,,ATEEN,https://www.ateen.com.br,https://ateen.zendesk.com/hc/pt-br/sections/360003548834-Troca-e-Devolu%C3%A7%C3%A3o,BR,BR,true,false,true
29355,,VESTIDO RENDA PAISLEY,"Transparência na barra desenha uma silhueta leve e sofisticada. A renda com desenho paisley valoriza o visual, não possui mangas e conta com colchete na parte frontal podendo ser utilizado fechado ou com decote V profundo reforçando a feminilidade. A cintura marcada acompanha a silhueta com elegância, e a saia midi cria movimento delicado. Com forro interno, é uma escolha refinada para festas, eventos especiais e produções noturnas. A mistura de algodão, poliamida e viscose proporciona uma textura diferenciada à peça. Detalhes: Renda com desenho paisley Decote V profundo Modelagem sem mangas Cintura marcada Saia midi com transparência na barra Forro interno Caimento elegante e fluido Coleção: ATEEN Verão 2027",https://www.ateen.com.br/vestido-renda-paisley-04-12-1317/p?idsku=73208,ATEEN,https://ateen.vteximg.com.br/arquivos/ids/315023_2,,1279.00 BRL,,in_stock,new,NEW IN,Ropa y accesorios > Prendas de vestir,,,,,new_in,,,,,ATEEN,https://www.ateen.com.br,https://ateen.zendesk.com/hc/pt-br/sections/360003548834-Troca-e-Devolu%C3%A7%C3%A3o,BR,BR,true,false,true
29356,,BLUSA ALCINHA SEDA ESTAMPA LALI,"Tons de azul, lilás e verde desenham uma silhueta leve e fluida. A delicadeza da seda pura ganha personalidade na estampa Lali e no decote com franzido sutil. As alças finas com amarração nos ombros permitem um ajuste delicado, enquanto as camadas e o shape levemente soltinho acompanham os movimentos com naturalidade. Versátil, transita entre produções casuais e composições sofisticadas de verão. Detalhes: Blusa feminina de alcinha Seda pura Estampa exclusiva Lali Modelagem fluida e levemente soltinha Alças finas com amarração nos ombros Decote com franzido delicado Detalhes em camadas Fechamento posterior por botão Caimento leve e sofisticado Coleção: ATEEN Verão 2027",https://www.ateen.com.br/blusa-alcinha-seda-estampa-lali-05-19-0356/p?idsku=73246,ATEEN,https://ateen.vteximg.com.br/arquivos/ids/314914_2,,929.00 BRL,,in_stock,new,NEW IN,Ropa y accesorios > Prendas de vestir,,,,,new_in,,,,,ATEEN,https://www.ateen.com.br,https://ateen.zendesk.com/hc/pt-br/sections/360003548834-Troca-e-Devolu%C3%A7%C3%A3o,BR,BR,true,false,true
29357,,SAIA MIDI ESTAMPA MALAI,"Leveza e movimento em uma estampa marcante. A inspiração étnica da estampa Malai ganha destaque na modelagem midi, com construção em camadas que valoriza o movimento e a fluidez. O cós com elástico oferece conforto e ajuste ao corpo, enquanto a composição com viscose e seda proporciona leveza para produções de verão. Versátil, transita entre propostas casuais e looks mais sofisticados. Detalhes: Saia midi feminina Estampa Malai em tons vibrantes de pink Estampa geométrica de inspiração étnica Cós com elástico Construção em camadas Modelagem ampla e fluida Caimento leve e confortável Comprimento midi Coleção: ATEEN Verão 2027",https://www.ateen.com.br/saia-midi-estampa-malai-09-08-1214/p?idsku=73272,ATEEN,https://ateen.vteximg.com.br/arquivos/ids/314840_2,,1179.00 BRL,,in_stock,new,NEW IN,Ropa y accesorios > Prendas de vestir,,,,,new_in,,,,,ATEEN,https://www.ateen.com.br,https://ateen.zendesk.com/hc/pt-br/sections/360003548834-Troca-e-Devolu%C3%A7%C3%A3o,BR,BR,true,false,true
29358,,REGATA ROCK,"Tecido macio em silhueta reta com lettering metalizado marcante. A base preta ganha personalidade com a aplicação frontal “ROCK” em acabamento metalizado. A modelagem sem mangas, a gola redonda e os recortes em camadas com efeito franzido criam uma leitura contemporânea, enquanto a mistura de 96% viscose e 4% elastano proporciona caimento leve e confortável. Versátil, transita por composições casuais, urbanas e produções modernas. Detalhes: Modelagem reta Gola redonda Sem mangas Aplicação frontal “ROCK” com acabamento metalizado Recortes em camadas com efeito franzido Caimento leve e confortável Peça versátil para diferentes combinações Coleção: ATEEN Verão 2027",https://www.ateen.com.br/regata-rock-05-14-1167/p?idsku=73230,ATEEN,https://ateen.vteximg.com.br/arquivos/ids/314800_2,,519.00 BRL,,in_stock,new,NEW IN,Ropa y accesorios > Prendas de vestir,,,,,new_in,,,,,ATEEN,https://www.ateen.com.br,https://ateen.zendesk.com/hc/pt-br/sections/360003548834-Troca-e-Devolu%C3%A7%C3%A3o,BR,BR,true,false,true
29359,,VESTIDO SEDA ESTAMPA LALI,"Silhueta ampla e fluida revela elegância em movimento. A seda pura valoriza a estampa exclusiva Lali, criada em tons de azul, lilás e verde. O decote em V, as mangas amplas com punhos franzidos e as fendas laterais destacam o movimento do vestido midi, que traduz uma sofisticação leve e contemporânea. Detalhes: Vestido midi feminino Confeccionado em seda pura Estampa exclusiva Lali Estampa em tons de azul, lilás e verde Modelagem ampla e fluida Decote em V Mangas longas e amplas Punhos com franzido Fendas laterais Caimento leve e elegante Coleção: ATEEN Verão 2027",https://www.ateen.com.br/vestido-seda-estampa-lali-04-20-1781/p?idsku=73212,ATEEN,https://ateen.vteximg.com.br/arquivos/ids/314934_2,,3199.00 BRL,,in_stock,new,NEW IN,Ropa y accesorios > Prendas de vestir,,,,,new_in,,,,,ATEEN,https://www.ateen.com.br,https://ateen.zendesk.com/hc/pt-br/sections/360003548834-Troca-e-Devolu%C3%A7%C3%A3o,BR,BR,true,false,true
29360,,VESTIDO LASTEX ESTAMPA MALAI,"Viscose e seda revelam uma estampa vibrante de inspiração étnica. A intensidade dos tons de pink encontra o caimento fluido da saia midi, criando uma silhueta feminina e sofisticada. O busto franzido em lastex, as costas com o mesmo acabamento e as alças finas proporcionam ajuste confortável. O recorte com abertura na cintura adiciona um toque marcante à produção, que transita entre ocasiões casuais e momentos especiais com elegância boho chic. Detalhes: Estampa Malai em tons de pink Viscose com seda Busto com efeito franzido em lastex Costas com acabamento em lastex Alças finas Recorte com abertura na cintura Cintura com acabamento em lastex Saia midi de caimento fluido Modelagem feminina e confortável Coleção: ATEEN Verão 2027",https://www.ateen.com.br/vestido-lastex-estampa-malai-04-20-1784/p?idsku=73218,ATEEN,https://ateen.vteximg.com.br/arquivos/ids/314816_2,,1799.00 BRL,,in_stock,new,NEW IN,Ropa y accesorios > Prendas de vestir,,,,,new_in,,,,,ATEEN,https://www.ateen.com.br,https://ateen.zendesk.com/hc/pt-br/sections/360003548834-Troca-e-Devolu%C3%A7%C3%A3o,BR,BR,true,false,true
29361,,SANDÁLIA NOITE GOLD,"Tiras finas envolvem o pé com brilho metalizado e presença. O couro com acabamento dourado metalizado ilumina a produção, enquanto o salto alto fino e a plataforma frontal criam uma silhueta elegante. As amarrações no tornozelo reforçam o desenho envolvente e contemporâneo, ideal para festas e ocasiões especiais. Detalhes: Sandália feminina de salto alto Acabamento dourado metalizado Couro Tiras finas e delicadas Amarração no tornozelo Salto alto fino Plataforma frontal Design sofisticado e feminino Coleção: ATEEN Verão 2027",https://www.ateen.com.br/sandalia-noite-gold-29-01-0016/p?idsku=73285,ATEEN,https://ateen.vteximg.com.br/arquivos/ids/314970_2,,1279.00 BRL,,in_stock,new,NEW IN,Ropa y accesorios > Prendas de vestir,,,,,new_in,,,,,ATEEN,https://www.ateen.com.br,https://ateen.zendesk.com/hc/pt-br/sections/360003548834-Troca-e-Devolu%C3%A7%C3%A3o,BR,BR,true,false,true
